Case ID,Scanner,Scanner rule ID,Reported title,Severity,File,Resource,Expected issue,Detection classification,Scan duration
case-01,Checkov,CKV_AWS_70,Ensure S3 bucket does not allow an action with any Principal,,/case-01-public-s3/vulnerable.tf,aws_s3_bucket_policy.benchmark,Public S3 access,True positive,0.1984247
case-04,Checkov,CKV_AWS_23,Ensure every security group and rule has a description,,/case-04-open-ssh/secure.tf,aws_security_group.benchmark,Unrestricted SSH port 22,Possible false positive,0.1984247
case-04,Checkov,CKV_AWS_23,Ensure every security group and rule has a description,,/case-04-open-ssh/vulnerable.tf,aws_security_group.benchmark,Unrestricted SSH port 22,True positive,0.1984247
case-04,Checkov,CKV_AWS_24,Ensure no security groups allow ingress from 0.0.0.0:0 to port 22,,/case-04-open-ssh/vulnerable.tf,aws_security_group.benchmark,Unrestricted SSH port 22,True positive,0.1984247
case-05,Checkov,CKV_AWS_23,Ensure every security group and rule has a description,,/case-05-open-rdp/secure.tf,aws_security_group.benchmark,Unrestricted RDP port 3389,Additional valid finding,0.1984247
case-05,Checkov,CKV_AWS_23,Ensure every security group and rule has a description,,/case-05-open-rdp/vulnerable.tf,aws_security_group.benchmark,Unrestricted RDP port 3389,Additional valid finding,0.1984247
case-05,Checkov,CKV_AWS_25,Ensure no security groups allow ingress from 0.0.0.0:0 to port 3389,,/case-05-open-rdp/vulnerable.tf,aws_security_group.benchmark,Unrestricted RDP port 3389,True positive,0.1984247
case-06,Checkov,CKV_AWS_289,Ensure IAM policies does not allow permissions management / resource exposure without constraints,,/case-06-wildcard-iam/vulnerable.tf,aws_iam_policy.benchmark,Wildcard IAM permissions,True positive,0.1984247
case-06,Checkov,CKV_AWS_63,"Ensure no IAM policies documents allow ""*"" as a statement's actions",,/case-06-wildcard-iam/vulnerable.tf,aws_iam_policy.benchmark,Wildcard IAM permissions,True positive,0.1984247
case-06,Checkov,CKV_AWS_288,Ensure IAM policies does not allow data exfiltration,,/case-06-wildcard-iam/vulnerable.tf,aws_iam_policy.benchmark,Wildcard IAM permissions,True positive,0.1984247
case-06,Checkov,CKV_AWS_286,Ensure IAM policies does not allow privilege escalation,,/case-06-wildcard-iam/vulnerable.tf,aws_iam_policy.benchmark,Wildcard IAM permissions,True positive,0.1984247
case-06,Checkov,CKV_AWS_62,"Ensure IAM policies that allow full ""*-*"" administrative privileges are not created",,/case-06-wildcard-iam/vulnerable.tf,aws_iam_policy.benchmark,Wildcard IAM permissions,True positive,0.1984247
case-06,Checkov,CKV_AWS_287,Ensure IAM policies does not allow credentials exposure,,/case-06-wildcard-iam/vulnerable.tf,aws_iam_policy.benchmark,Wildcard IAM permissions,True positive,0.1984247
case-06,Checkov,CKV_AWS_355,"Ensure no IAM policies documents allow ""*"" as a statement's resource for restrictable actions",,/case-06-wildcard-iam/vulnerable.tf,aws_iam_policy.benchmark,Wildcard IAM permissions,True positive,0.1984247
case-06,Checkov,CKV_AWS_290,Ensure IAM policies does not allow write access without constraints,,/case-06-wildcard-iam/vulnerable.tf,aws_iam_policy.benchmark,Wildcard IAM permissions,True positive,0.1984247
case-07,Checkov,CKV_AWS_189,Ensure EBS Volume is encrypted by KMS using a customer managed Key (CMK),,/case-07-unencrypted-ebs/secure.tf,aws_ebs_volume.benchmark,Unencrypted EBS volume,Possible false positive,0.1984247
case-07,Checkov,CKV_AWS_3,Ensure all data stored in the EBS is securely encrypted,,/case-07-unencrypted-ebs/vulnerable.tf,aws_ebs_volume.benchmark,Unencrypted EBS volume,True positive,0.1984247
case-07,Checkov,CKV_AWS_189,Ensure EBS Volume is encrypted by KMS using a customer managed Key (CMK),,/case-07-unencrypted-ebs/vulnerable.tf,aws_ebs_volume.benchmark,Unencrypted EBS volume,True positive,0.1984247
case-08,Checkov,CKV_AWS_353,Ensure that RDS instances have performance insights enabled,,/case-08-public-rds/secure.tf,aws_db_instance.benchmark,Public RDS instance,Possible false positive,0.1984247
case-08,Checkov,CKV_AWS_161,Ensure RDS database has IAM authentication enabled,,/case-08-public-rds/secure.tf,aws_db_instance.benchmark,Public RDS instance,Possible false positive,0.1984247
case-08,Checkov,CKV_AWS_293,Ensure that AWS database instances have deletion protection enabled,,/case-08-public-rds/secure.tf,aws_db_instance.benchmark,Public RDS instance,Additional valid finding,0.1984247
case-08,Checkov,CKV_AWS_226,Ensure DB instance gets all minor upgrades automatically,,/case-08-public-rds/secure.tf,aws_db_instance.benchmark,Public RDS instance,Additional valid finding,0.1984247
case-08,Checkov,CKV_AWS_118,Ensure that enhanced monitoring is enabled for Amazon RDS instances,,/case-08-public-rds/secure.tf,aws_db_instance.benchmark,Public RDS instance,Possible false positive,0.1984247
case-08,Checkov,CKV_AWS_129,Ensure that respective logs of Amazon Relational Database Service (Amazon RDS) are enabled,,/case-08-public-rds/secure.tf,aws_db_instance.benchmark,Public RDS instance,Possible false positive,0.1984247
case-08,Checkov,CKV_AWS_157,Ensure that RDS instances have Multi-AZ enabled,,/case-08-public-rds/secure.tf,aws_db_instance.benchmark,Public RDS instance,Possible false positive,0.1984247
case-08,Checkov,CKV_AWS_16,Ensure all data stored in the RDS is securely encrypted at rest,,/case-08-public-rds/secure.tf,aws_db_instance.benchmark,Public RDS instance,Possible false positive,0.1984247
case-08,Checkov,CKV_AWS_353,Ensure that RDS instances have performance insights enabled,,/case-08-public-rds/vulnerable.tf,aws_db_instance.benchmark,Public RDS instance,True positive,0.1984247
case-08,Checkov,CKV_AWS_161,Ensure RDS database has IAM authentication enabled,,/case-08-public-rds/vulnerable.tf,aws_db_instance.benchmark,Public RDS instance,True positive,0.1984247
case-08,Checkov,CKV_AWS_293,Ensure that AWS database instances have deletion protection enabled,,/case-08-public-rds/vulnerable.tf,aws_db_instance.benchmark,Public RDS instance,Additional valid finding,0.1984247
case-08,Checkov,CKV_AWS_226,Ensure DB instance gets all minor upgrades automatically,,/case-08-public-rds/vulnerable.tf,aws_db_instance.benchmark,Public RDS instance,Additional valid finding,0.1984247
case-08,Checkov,CKV_AWS_17,Ensure all data stored in RDS is not publicly accessible,,/case-08-public-rds/vulnerable.tf,aws_db_instance.benchmark,Public RDS instance,True positive,0.1984247
case-08,Checkov,CKV_AWS_118,Ensure that enhanced monitoring is enabled for Amazon RDS instances,,/case-08-public-rds/vulnerable.tf,aws_db_instance.benchmark,Public RDS instance,True positive,0.1984247
case-08,Checkov,CKV_AWS_129,Ensure that respective logs of Amazon Relational Database Service (Amazon RDS) are enabled,,/case-08-public-rds/vulnerable.tf,aws_db_instance.benchmark,Public RDS instance,True positive,0.1984247
case-08,Checkov,CKV_AWS_157,Ensure that RDS instances have Multi-AZ enabled,,/case-08-public-rds/vulnerable.tf,aws_db_instance.benchmark,Public RDS instance,True positive,0.1984247
case-08,Checkov,CKV_AWS_16,Ensure all data stored in the RDS is securely encrypted at rest,,/case-08-public-rds/vulnerable.tf,aws_db_instance.benchmark,Public RDS instance,True positive,0.1984247
case-09,Checkov,CKV_AWS_353,Ensure that RDS instances have performance insights enabled,,/case-09-unencrypted-rds/secure.tf,aws_db_instance.benchmark,Unencrypted RDS storage,Possible false positive,0.1984247
case-09,Checkov,CKV_AWS_161,Ensure RDS database has IAM authentication enabled,,/case-09-unencrypted-rds/secure.tf,aws_db_instance.benchmark,Unencrypted RDS storage,Possible false positive,0.1984247
case-09,Checkov,CKV_AWS_293,Ensure that AWS database instances have deletion protection enabled,,/case-09-unencrypted-rds/secure.tf,aws_db_instance.benchmark,Unencrypted RDS storage,Possible false positive,0.1984247
case-09,Checkov,CKV_AWS_226,Ensure DB instance gets all minor upgrades automatically,,/case-09-unencrypted-rds/secure.tf,aws_db_instance.benchmark,Unencrypted RDS storage,Additional valid finding,0.1984247
case-09,Checkov,CKV_AWS_118,Ensure that enhanced monitoring is enabled for Amazon RDS instances,,/case-09-unencrypted-rds/secure.tf,aws_db_instance.benchmark,Unencrypted RDS storage,Possible false positive,0.1984247
case-09,Checkov,CKV_AWS_129,Ensure that respective logs of Amazon Relational Database Service (Amazon RDS) are enabled,,/case-09-unencrypted-rds/secure.tf,aws_db_instance.benchmark,Unencrypted RDS storage,Possible false positive,0.1984247
case-09,Checkov,CKV_AWS_157,Ensure that RDS instances have Multi-AZ enabled,,/case-09-unencrypted-rds/secure.tf,aws_db_instance.benchmark,Unencrypted RDS storage,Possible false positive,0.1984247
case-09,Checkov,CKV_AWS_353,Ensure that RDS instances have performance insights enabled,,/case-09-unencrypted-rds/vulnerable.tf,aws_db_instance.benchmark,Unencrypted RDS storage,True positive,0.1984247
case-09,Checkov,CKV_AWS_161,Ensure RDS database has IAM authentication enabled,,/case-09-unencrypted-rds/vulnerable.tf,aws_db_instance.benchmark,Unencrypted RDS storage,True positive,0.1984247
case-09,Checkov,CKV_AWS_293,Ensure that AWS database instances have deletion protection enabled,,/case-09-unencrypted-rds/vulnerable.tf,aws_db_instance.benchmark,Unencrypted RDS storage,True positive,0.1984247
case-09,Checkov,CKV_AWS_226,Ensure DB instance gets all minor upgrades automatically,,/case-09-unencrypted-rds/vulnerable.tf,aws_db_instance.benchmark,Unencrypted RDS storage,Additional valid finding,0.1984247
case-09,Checkov,CKV_AWS_118,Ensure that enhanced monitoring is enabled for Amazon RDS instances,,/case-09-unencrypted-rds/vulnerable.tf,aws_db_instance.benchmark,Unencrypted RDS storage,True positive,0.1984247
case-09,Checkov,CKV_AWS_129,Ensure that respective logs of Amazon Relational Database Service (Amazon RDS) are enabled,,/case-09-unencrypted-rds/vulnerable.tf,aws_db_instance.benchmark,Unencrypted RDS storage,True positive,0.1984247
case-09,Checkov,CKV_AWS_157,Ensure that RDS instances have Multi-AZ enabled,,/case-09-unencrypted-rds/vulnerable.tf,aws_db_instance.benchmark,Unencrypted RDS storage,True positive,0.1984247
case-09,Checkov,CKV_AWS_16,Ensure all data stored in the RDS is securely encrypted at rest,,/case-09-unencrypted-rds/vulnerable.tf,aws_db_instance.benchmark,Unencrypted RDS storage,True positive,0.1984247
case-10,Checkov,CKV_AWS_252,Ensure CloudTrail defines an SNS Topic,,/case-10-cloudtrail-validation-disabled/secure.tf,aws_cloudtrail.benchmark,CloudTrail validation disabled,Possible false positive,0.1984247
case-10,Checkov,CKV_AWS_35,Ensure CloudTrail logs are encrypted at rest using KMS CMKs,,/case-10-cloudtrail-validation-disabled/secure.tf,aws_cloudtrail.benchmark,CloudTrail validation disabled,Possible false positive,0.1984247
case-10,Checkov,CKV_AWS_67,Ensure CloudTrail is enabled in all Regions,,/case-10-cloudtrail-validation-disabled/secure.tf,aws_cloudtrail.benchmark,CloudTrail validation disabled,Possible false positive,0.1984247
case-10,Checkov,CKV_AWS_36,Ensure CloudTrail log file validation is enabled,,/case-10-cloudtrail-validation-disabled/vulnerable.tf,aws_cloudtrail.benchmark,CloudTrail validation disabled,True positive,0.1984247
case-10,Checkov,CKV_AWS_252,Ensure CloudTrail defines an SNS Topic,,/case-10-cloudtrail-validation-disabled/vulnerable.tf,aws_cloudtrail.benchmark,CloudTrail validation disabled,True positive,0.1984247
case-10,Checkov,CKV_AWS_35,Ensure CloudTrail logs are encrypted at rest using KMS CMKs,,/case-10-cloudtrail-validation-disabled/vulnerable.tf,aws_cloudtrail.benchmark,CloudTrail validation disabled,True positive,0.1984247
case-10,Checkov,CKV_AWS_67,Ensure CloudTrail is enabled in all Regions,,/case-10-cloudtrail-validation-disabled/vulnerable.tf,aws_cloudtrail.benchmark,CloudTrail validation disabled,True positive,0.1984247
case-11,Checkov,CKV_AWS_36,Ensure CloudTrail log file validation is enabled,,/case-11-cloudtrail-no-kms/secure.tf,aws_cloudtrail.benchmark,CloudTrail without customer-managed KMS,Possible false positive,0.1984247
case-11,Checkov,CKV_AWS_252,Ensure CloudTrail defines an SNS Topic,,/case-11-cloudtrail-no-kms/secure.tf,aws_cloudtrail.benchmark,CloudTrail without customer-managed KMS,Possible false positive,0.1984247
case-11,Checkov,CKV_AWS_67,Ensure CloudTrail is enabled in all Regions,,/case-11-cloudtrail-no-kms/secure.tf,aws_cloudtrail.benchmark,CloudTrail without customer-managed KMS,Possible false positive,0.1984247
case-11,Checkov,CKV_AWS_36,Ensure CloudTrail log file validation is enabled,,/case-11-cloudtrail-no-kms/vulnerable.tf,aws_cloudtrail.benchmark,CloudTrail without customer-managed KMS,True positive,0.1984247
case-11,Checkov,CKV_AWS_252,Ensure CloudTrail defines an SNS Topic,,/case-11-cloudtrail-no-kms/vulnerable.tf,aws_cloudtrail.benchmark,CloudTrail without customer-managed KMS,True positive,0.1984247
case-11,Checkov,CKV_AWS_35,Ensure CloudTrail logs are encrypted at rest using KMS CMKs,,/case-11-cloudtrail-no-kms/vulnerable.tf,aws_cloudtrail.benchmark,CloudTrail without customer-managed KMS,True positive,0.1984247
case-11,Checkov,CKV_AWS_67,Ensure CloudTrail is enabled in all Regions,,/case-11-cloudtrail-no-kms/vulnerable.tf,aws_cloudtrail.benchmark,CloudTrail without customer-managed KMS,True positive,0.1984247
case-12,Checkov,CKV_AWS_7,Ensure rotation for customer created CMKs is enabled,,/case-12-kms-rotation-disabled/vulnerable.tf,aws_kms_key.benchmark,KMS rotation disabled,True positive,0.1984247
case-01,Checkov,CKV2_AWS_61,Ensure that an S3 bucket has a lifecycle configuration,,/case-01-public-s3/secure.tf,aws_s3_bucket.benchmark,Public S3 access,Possible false positive,0.1984247
case-01,Checkov,CKV2_AWS_61,Ensure that an S3 bucket has a lifecycle configuration,,/case-01-public-s3/vulnerable.tf,aws_s3_bucket.benchmark,Public S3 access,True positive,0.1984247
case-02,Checkov,CKV2_AWS_61,Ensure that an S3 bucket has a lifecycle configuration,,/case-02-s3-no-encryption/secure.tf,aws_s3_bucket.benchmark,No default S3 encryption,Additional valid finding,0.1984247
case-02,Checkov,CKV2_AWS_61,Ensure that an S3 bucket has a lifecycle configuration,,/case-02-s3-no-encryption/vulnerable.tf,aws_s3_bucket.benchmark,No default S3 encryption,Additional valid finding,0.1984247
case-03,Checkov,CKV2_AWS_61,Ensure that an S3 bucket has a lifecycle configuration,,/case-03-s3-versioning-disabled/secure.tf,aws_s3_bucket.benchmark,S3 versioning disabled,Additional valid finding,0.1984247
case-03,Checkov,CKV2_AWS_61,Ensure that an S3 bucket has a lifecycle configuration,,/case-03-s3-versioning-disabled/vulnerable.tf,aws_s3_bucket.benchmark,S3 versioning disabled,Additional valid finding,0.1984247
case-10,Checkov,CKV2_AWS_61,Ensure that an S3 bucket has a lifecycle configuration,,/case-10-cloudtrail-validation-disabled/secure.tf,aws_s3_bucket.logs,CloudTrail validation disabled,Additional valid finding,0.1984247
case-10,Checkov,CKV2_AWS_61,Ensure that an S3 bucket has a lifecycle configuration,,/case-10-cloudtrail-validation-disabled/vulnerable.tf,aws_s3_bucket.logs,CloudTrail validation disabled,Additional valid finding,0.1984247
case-11,Checkov,CKV2_AWS_61,Ensure that an S3 bucket has a lifecycle configuration,,/case-11-cloudtrail-no-kms/secure.tf,aws_s3_bucket.logs,CloudTrail without customer-managed KMS,Additional valid finding,0.1984247
case-11,Checkov,CKV2_AWS_61,Ensure that an S3 bucket has a lifecycle configuration,,/case-11-cloudtrail-no-kms/vulnerable.tf,aws_s3_bucket.logs,CloudTrail without customer-managed KMS,Additional valid finding,0.1984247
case-10,Checkov,CKV2_AWS_10,Ensure CloudTrail trails are integrated with CloudWatch Logs,,/case-10-cloudtrail-validation-disabled/secure.tf,aws_cloudtrail.benchmark,CloudTrail validation disabled,Possible false positive,0.1984247
case-10,Checkov,CKV2_AWS_10,Ensure CloudTrail trails are integrated with CloudWatch Logs,,/case-10-cloudtrail-validation-disabled/vulnerable.tf,aws_cloudtrail.benchmark,CloudTrail validation disabled,True positive,0.1984247
case-11,Checkov,CKV2_AWS_10,Ensure CloudTrail trails are integrated with CloudWatch Logs,,/case-11-cloudtrail-no-kms/secure.tf,aws_cloudtrail.benchmark,CloudTrail without customer-managed KMS,Possible false positive,0.1984247
case-11,Checkov,CKV2_AWS_10,Ensure CloudTrail trails are integrated with CloudWatch Logs,,/case-11-cloudtrail-no-kms/vulnerable.tf,aws_cloudtrail.benchmark,CloudTrail without customer-managed KMS,True positive,0.1984247
case-04,Checkov,CKV2_AWS_5,Ensure that Security Groups are attached to another resource,,/case-04-open-ssh/secure.tf,aws_security_group.benchmark,Unrestricted SSH port 22,Possible false positive,0.1984247
case-04,Checkov,CKV2_AWS_5,Ensure that Security Groups are attached to another resource,,/case-04-open-ssh/vulnerable.tf,aws_security_group.benchmark,Unrestricted SSH port 22,True positive,0.1984247
case-05,Checkov,CKV2_AWS_5,Ensure that Security Groups are attached to another resource,,/case-05-open-rdp/secure.tf,aws_security_group.benchmark,Unrestricted RDP port 3389,Additional valid finding,0.1984247
case-05,Checkov,CKV2_AWS_5,Ensure that Security Groups are attached to another resource,,/case-05-open-rdp/vulnerable.tf,aws_security_group.benchmark,Unrestricted RDP port 3389,Additional valid finding,0.1984247
case-01,Checkov,CKV_AWS_18,Ensure the S3 bucket has access logging enabled,,/case-01-public-s3/secure.tf,aws_s3_bucket.benchmark,Public S3 access,Possible false positive,0.1984247
case-01,Checkov,CKV_AWS_18,Ensure the S3 bucket has access logging enabled,,/case-01-public-s3/vulnerable.tf,aws_s3_bucket.benchmark,Public S3 access,True positive,0.1984247
case-02,Checkov,CKV_AWS_18,Ensure the S3 bucket has access logging enabled,,/case-02-s3-no-encryption/secure.tf,aws_s3_bucket.benchmark,No default S3 encryption,Additional valid finding,0.1984247
case-02,Checkov,CKV_AWS_18,Ensure the S3 bucket has access logging enabled,,/case-02-s3-no-encryption/vulnerable.tf,aws_s3_bucket.benchmark,No default S3 encryption,Additional valid finding,0.1984247
case-03,Checkov,CKV_AWS_18,Ensure the S3 bucket has access logging enabled,,/case-03-s3-versioning-disabled/secure.tf,aws_s3_bucket.benchmark,S3 versioning disabled,Additional valid finding,0.1984247
case-03,Checkov,CKV_AWS_18,Ensure the S3 bucket has access logging enabled,,/case-03-s3-versioning-disabled/vulnerable.tf,aws_s3_bucket.benchmark,S3 versioning disabled,Additional valid finding,0.1984247
case-10,Checkov,CKV_AWS_18,Ensure the S3 bucket has access logging enabled,,/case-10-cloudtrail-validation-disabled/secure.tf,aws_s3_bucket.logs,CloudTrail validation disabled,Possible false positive,0.1984247
case-10,Checkov,CKV_AWS_18,Ensure the S3 bucket has access logging enabled,,/case-10-cloudtrail-validation-disabled/vulnerable.tf,aws_s3_bucket.logs,CloudTrail validation disabled,True positive,0.1984247
case-11,Checkov,CKV_AWS_18,Ensure the S3 bucket has access logging enabled,,/case-11-cloudtrail-no-kms/secure.tf,aws_s3_bucket.logs,CloudTrail without customer-managed KMS,Additional valid finding,0.1984247
case-11,Checkov,CKV_AWS_18,Ensure the S3 bucket has access logging enabled,,/case-11-cloudtrail-no-kms/vulnerable.tf,aws_s3_bucket.logs,CloudTrail without customer-managed KMS,Additional valid finding,0.1984247
case-01,Checkov,CKV_AWS_144,Ensure that S3 bucket has cross-region replication enabled,,/case-01-public-s3/secure.tf,aws_s3_bucket.benchmark,Public S3 access,Possible false positive,0.1984247
case-01,Checkov,CKV_AWS_144,Ensure that S3 bucket has cross-region replication enabled,,/case-01-public-s3/vulnerable.tf,aws_s3_bucket.benchmark,Public S3 access,True positive,0.1984247
case-02,Checkov,CKV_AWS_144,Ensure that S3 bucket has cross-region replication enabled,,/case-02-s3-no-encryption/secure.tf,aws_s3_bucket.benchmark,No default S3 encryption,Additional valid finding,0.1984247
case-02,Checkov,CKV_AWS_144,Ensure that S3 bucket has cross-region replication enabled,,/case-02-s3-no-encryption/vulnerable.tf,aws_s3_bucket.benchmark,No default S3 encryption,Additional valid finding,0.1984247
case-03,Checkov,CKV_AWS_144,Ensure that S3 bucket has cross-region replication enabled,,/case-03-s3-versioning-disabled/secure.tf,aws_s3_bucket.benchmark,S3 versioning disabled,Additional valid finding,0.1984247
case-03,Checkov,CKV_AWS_144,Ensure that S3 bucket has cross-region replication enabled,,/case-03-s3-versioning-disabled/vulnerable.tf,aws_s3_bucket.benchmark,S3 versioning disabled,Additional valid finding,0.1984247
case-10,Checkov,CKV_AWS_144,Ensure that S3 bucket has cross-region replication enabled,,/case-10-cloudtrail-validation-disabled/secure.tf,aws_s3_bucket.logs,CloudTrail validation disabled,Additional valid finding,0.1984247
case-10,Checkov,CKV_AWS_144,Ensure that S3 bucket has cross-region replication enabled,,/case-10-cloudtrail-validation-disabled/vulnerable.tf,aws_s3_bucket.logs,CloudTrail validation disabled,Additional valid finding,0.1984247
case-11,Checkov,CKV_AWS_144,Ensure that S3 bucket has cross-region replication enabled,,/case-11-cloudtrail-no-kms/secure.tf,aws_s3_bucket.logs,CloudTrail without customer-managed KMS,Additional valid finding,0.1984247
case-11,Checkov,CKV_AWS_144,Ensure that S3 bucket has cross-region replication enabled,,/case-11-cloudtrail-no-kms/vulnerable.tf,aws_s3_bucket.logs,CloudTrail without customer-managed KMS,Additional valid finding,0.1984247
case-01,Checkov,CKV2_AWS_62,Ensure S3 buckets should have event notifications enabled,,/case-01-public-s3/secure.tf,aws_s3_bucket.benchmark,Public S3 access,Possible false positive,0.1984247
case-01,Checkov,CKV2_AWS_62,Ensure S3 buckets should have event notifications enabled,,/case-01-public-s3/vulnerable.tf,aws_s3_bucket.benchmark,Public S3 access,True positive,0.1984247
case-02,Checkov,CKV2_AWS_62,Ensure S3 buckets should have event notifications enabled,,/case-02-s3-no-encryption/secure.tf,aws_s3_bucket.benchmark,No default S3 encryption,Additional valid finding,0.1984247
case-02,Checkov,CKV2_AWS_62,Ensure S3 buckets should have event notifications enabled,,/case-02-s3-no-encryption/vulnerable.tf,aws_s3_bucket.benchmark,No default S3 encryption,Additional valid finding,0.1984247
case-03,Checkov,CKV2_AWS_62,Ensure S3 buckets should have event notifications enabled,,/case-03-s3-versioning-disabled/secure.tf,aws_s3_bucket.benchmark,S3 versioning disabled,Additional valid finding,0.1984247
case-03,Checkov,CKV2_AWS_62,Ensure S3 buckets should have event notifications enabled,,/case-03-s3-versioning-disabled/vulnerable.tf,aws_s3_bucket.benchmark,S3 versioning disabled,Additional valid finding,0.1984247
case-10,Checkov,CKV2_AWS_62,Ensure S3 buckets should have event notifications enabled,,/case-10-cloudtrail-validation-disabled/secure.tf,aws_s3_bucket.logs,CloudTrail validation disabled,Additional valid finding,0.1984247
case-10,Checkov,CKV2_AWS_62,Ensure S3 buckets should have event notifications enabled,,/case-10-cloudtrail-validation-disabled/vulnerable.tf,aws_s3_bucket.logs,CloudTrail validation disabled,Additional valid finding,0.1984247
case-11,Checkov,CKV2_AWS_62,Ensure S3 buckets should have event notifications enabled,,/case-11-cloudtrail-no-kms/secure.tf,aws_s3_bucket.logs,CloudTrail without customer-managed KMS,Additional valid finding,0.1984247
case-11,Checkov,CKV2_AWS_62,Ensure S3 buckets should have event notifications enabled,,/case-11-cloudtrail-no-kms/vulnerable.tf,aws_s3_bucket.logs,CloudTrail without customer-managed KMS,Additional valid finding,0.1984247
case-01,Checkov,CKV2_AWS_6,Ensure that S3 bucket has a Public Access block,,/case-01-public-s3/vulnerable.tf,aws_s3_bucket.benchmark,Public S3 access,True positive,0.1984247
case-02,Checkov,CKV2_AWS_6,Ensure that S3 bucket has a Public Access block,,/case-02-s3-no-encryption/secure.tf,aws_s3_bucket.benchmark,No default S3 encryption,Additional valid finding,0.1984247
case-02,Checkov,CKV2_AWS_6,Ensure that S3 bucket has a Public Access block,,/case-02-s3-no-encryption/vulnerable.tf,aws_s3_bucket.benchmark,No default S3 encryption,Additional valid finding,0.1984247
case-03,Checkov,CKV2_AWS_6,Ensure that S3 bucket has a Public Access block,,/case-03-s3-versioning-disabled/secure.tf,aws_s3_bucket.benchmark,S3 versioning disabled,Additional valid finding,0.1984247
case-03,Checkov,CKV2_AWS_6,Ensure that S3 bucket has a Public Access block,,/case-03-s3-versioning-disabled/vulnerable.tf,aws_s3_bucket.benchmark,S3 versioning disabled,Additional valid finding,0.1984247
case-10,Checkov,CKV2_AWS_6,Ensure that S3 bucket has a Public Access block,,/case-10-cloudtrail-validation-disabled/secure.tf,aws_s3_bucket.logs,CloudTrail validation disabled,Additional valid finding,0.1984247
case-10,Checkov,CKV2_AWS_6,Ensure that S3 bucket has a Public Access block,,/case-10-cloudtrail-validation-disabled/vulnerable.tf,aws_s3_bucket.logs,CloudTrail validation disabled,Additional valid finding,0.1984247
case-11,Checkov,CKV2_AWS_6,Ensure that S3 bucket has a Public Access block,,/case-11-cloudtrail-no-kms/secure.tf,aws_s3_bucket.logs,CloudTrail without customer-managed KMS,Additional valid finding,0.1984247
case-11,Checkov,CKV2_AWS_6,Ensure that S3 bucket has a Public Access block,,/case-11-cloudtrail-no-kms/vulnerable.tf,aws_s3_bucket.logs,CloudTrail without customer-managed KMS,Additional valid finding,0.1984247
case-01,Checkov,CKV_AWS_21,Ensure all data stored in the S3 bucket have versioning enabled,,/case-01-public-s3/secure.tf,aws_s3_bucket.benchmark,Public S3 access,Possible false positive,0.1984247
case-01,Checkov,CKV_AWS_21,Ensure all data stored in the S3 bucket have versioning enabled,,/case-01-public-s3/vulnerable.tf,aws_s3_bucket.benchmark,Public S3 access,True positive,0.1984247
case-02,Checkov,CKV_AWS_21,Ensure all data stored in the S3 bucket have versioning enabled,,/case-02-s3-no-encryption/secure.tf,aws_s3_bucket.benchmark,No default S3 encryption,Additional valid finding,0.1984247
case-02,Checkov,CKV_AWS_21,Ensure all data stored in the S3 bucket have versioning enabled,,/case-02-s3-no-encryption/vulnerable.tf,aws_s3_bucket.benchmark,No default S3 encryption,Additional valid finding,0.1984247
case-03,Checkov,CKV_AWS_21,Ensure all data stored in the S3 bucket have versioning enabled,,/case-03-s3-versioning-disabled/vulnerable.tf,aws_s3_bucket.benchmark,S3 versioning disabled,True positive,0.1984247
case-10,Checkov,CKV_AWS_21,Ensure all data stored in the S3 bucket have versioning enabled,,/case-10-cloudtrail-validation-disabled/secure.tf,aws_s3_bucket.logs,CloudTrail validation disabled,Additional valid finding,0.1984247
case-10,Checkov,CKV_AWS_21,Ensure all data stored in the S3 bucket have versioning enabled,,/case-10-cloudtrail-validation-disabled/vulnerable.tf,aws_s3_bucket.logs,CloudTrail validation disabled,Additional valid finding,0.1984247
case-11,Checkov,CKV_AWS_21,Ensure all data stored in the S3 bucket have versioning enabled,,/case-11-cloudtrail-no-kms/secure.tf,aws_s3_bucket.logs,CloudTrail without customer-managed KMS,Additional valid finding,0.1984247
case-11,Checkov,CKV_AWS_21,Ensure all data stored in the S3 bucket have versioning enabled,,/case-11-cloudtrail-no-kms/vulnerable.tf,aws_s3_bucket.logs,CloudTrail without customer-managed KMS,Additional valid finding,0.1984247
case-01,Checkov,CKV_AWS_145,Ensure that S3 buckets are encrypted with KMS by default,,/case-01-public-s3/secure.tf,aws_s3_bucket.benchmark,Public S3 access,Possible false positive,0.1984247
case-01,Checkov,CKV_AWS_145,Ensure that S3 buckets are encrypted with KMS by default,,/case-01-public-s3/vulnerable.tf,aws_s3_bucket.benchmark,Public S3 access,True positive,0.1984247
case-02,Checkov,CKV_AWS_145,Ensure that S3 buckets are encrypted with KMS by default,,/case-02-s3-no-encryption/secure.tf,aws_s3_bucket.benchmark,No default S3 encryption,Possible false positive,0.1984247
case-02,Checkov,CKV_AWS_145,Ensure that S3 buckets are encrypted with KMS by default,,/case-02-s3-no-encryption/vulnerable.tf,aws_s3_bucket.benchmark,No default S3 encryption,True positive,0.1984247
case-03,Checkov,CKV_AWS_145,Ensure that S3 buckets are encrypted with KMS by default,,/case-03-s3-versioning-disabled/secure.tf,aws_s3_bucket.benchmark,S3 versioning disabled,Additional valid finding,0.1984247
case-03,Checkov,CKV_AWS_145,Ensure that S3 buckets are encrypted with KMS by default,,/case-03-s3-versioning-disabled/vulnerable.tf,aws_s3_bucket.benchmark,S3 versioning disabled,Additional valid finding,0.1984247
case-10,Checkov,CKV_AWS_145,Ensure that S3 buckets are encrypted with KMS by default,,/case-10-cloudtrail-validation-disabled/secure.tf,aws_s3_bucket.logs,CloudTrail validation disabled,Additional valid finding,0.1984247
case-10,Checkov,CKV_AWS_145,Ensure that S3 buckets are encrypted with KMS by default,,/case-10-cloudtrail-validation-disabled/vulnerable.tf,aws_s3_bucket.logs,CloudTrail validation disabled,Additional valid finding,0.1984247
case-11,Checkov,CKV_AWS_145,Ensure that S3 buckets are encrypted with KMS by default,,/case-11-cloudtrail-no-kms/secure.tf,aws_s3_bucket.logs,CloudTrail without customer-managed KMS,Possible false positive,0.1984247
case-11,Checkov,CKV_AWS_145,Ensure that S3 buckets are encrypted with KMS by default,,/case-11-cloudtrail-no-kms/vulnerable.tf,aws_s3_bucket.logs,CloudTrail without customer-managed KMS,True positive,0.1984247
case-11,Checkov,CKV2_AWS_64,Ensure KMS key Policy is defined,,/case-11-cloudtrail-no-kms/secure.tf,aws_kms_key.logs,CloudTrail without customer-managed KMS,Possible false positive,0.1984247
case-12,Checkov,CKV2_AWS_64,Ensure KMS key Policy is defined,,/case-12-kms-rotation-disabled/secure.tf,aws_kms_key.benchmark,KMS rotation disabled,Possible false positive,0.1984247
case-12,Checkov,CKV2_AWS_64,Ensure KMS key Policy is defined,,/case-12-kms-rotation-disabled/vulnerable.tf,aws_kms_key.benchmark,KMS rotation disabled,True positive,0.1984247
case-08,Checkov,CKV2_AWS_30,Ensure Postgres RDS as aws_db_instance has Query Logging enabled,,/case-08-public-rds/secure.tf,aws_db_instance.benchmark,Public RDS instance,Possible false positive,0.1984247
case-08,Checkov,CKV2_AWS_30,Ensure Postgres RDS as aws_db_instance has Query Logging enabled,,/case-08-public-rds/vulnerable.tf,aws_db_instance.benchmark,Public RDS instance,True positive,0.1984247
case-09,Checkov,CKV2_AWS_30,Ensure Postgres RDS as aws_db_instance has Query Logging enabled,,/case-09-unencrypted-rds/secure.tf,aws_db_instance.benchmark,Unencrypted RDS storage,Possible false positive,0.1984247
case-09,Checkov,CKV2_AWS_30,Ensure Postgres RDS as aws_db_instance has Query Logging enabled,,/case-09-unencrypted-rds/vulnerable.tf,aws_db_instance.benchmark,Unencrypted RDS storage,True positive,0.1984247
case-08,Checkov,CKV2_AWS_60,Ensure RDS instance with copy tags to snapshots is enabled,,/case-08-public-rds/secure.tf,aws_db_instance.benchmark,Public RDS instance,Possible false positive,0.1984247
case-08,Checkov,CKV2_AWS_60,Ensure RDS instance with copy tags to snapshots is enabled,,/case-08-public-rds/vulnerable.tf,aws_db_instance.benchmark,Public RDS instance,True positive,0.1984247
case-09,Checkov,CKV2_AWS_60,Ensure RDS instance with copy tags to snapshots is enabled,,/case-09-unencrypted-rds/secure.tf,aws_db_instance.benchmark,Unencrypted RDS storage,Possible false positive,0.1984247
case-09,Checkov,CKV2_AWS_60,Ensure RDS instance with copy tags to snapshots is enabled,,/case-09-unencrypted-rds/vulnerable.tf,aws_db_instance.benchmark,Unencrypted RDS storage,True positive,0.1984247
case-06,Checkov,CKV2_AWS_40,Ensure AWS IAM policy does not allow full IAM privileges,,/case-06-wildcard-iam/vulnerable.tf,aws_iam_policy.benchmark,Wildcard IAM permissions,True positive,0.1984247
case-01,Trivy,AWS-0089,S3 Bucket Logging,LOW,case-01-public-s3/secure.tf,aws_s3_bucket.benchmark,Public S3 access,Possible false positive,8.0756828
case-01,Trivy,AWS-0090,S3 Data should be versioned,MEDIUM,case-01-public-s3/secure.tf,aws_s3_bucket.benchmark,Public S3 access,Possible false positive,8.0756828
case-01,Trivy,AWS-0132,S3 encryption should use Customer Managed Keys,HIGH,case-01-public-s3/secure.tf,aws_s3_bucket.benchmark,Public S3 access,Possible false positive,8.0756828
case-01,Trivy,AWS-0086,S3 Access block should block public ACL,HIGH,case-01-public-s3/vulnerable.tf,aws_s3_bucket.benchmark,Public S3 access,True positive,8.0756828
case-01,Trivy,AWS-0087,S3 Access block should block public policy,HIGH,case-01-public-s3/vulnerable.tf,aws_s3_bucket.benchmark,Public S3 access,True positive,8.0756828
case-01,Trivy,AWS-0089,S3 Bucket Logging,LOW,case-01-public-s3/vulnerable.tf,aws_s3_bucket.benchmark,Public S3 access,True positive,8.0756828
case-01,Trivy,AWS-0090,S3 Data should be versioned,MEDIUM,case-01-public-s3/vulnerable.tf,aws_s3_bucket.benchmark,Public S3 access,True positive,8.0756828
case-01,Trivy,AWS-0091,S3 Access Block should Ignore Public ACL,HIGH,case-01-public-s3/vulnerable.tf,aws_s3_bucket.benchmark,Public S3 access,True positive,8.0756828
case-01,Trivy,AWS-0093,S3 Access block should restrict public bucket to limit access,HIGH,case-01-public-s3/vulnerable.tf,aws_s3_bucket.benchmark,Public S3 access,True positive,8.0756828
case-01,Trivy,AWS-0094,S3 buckets should each define an aws_s3_bucket_public_access_block,LOW,case-01-public-s3/vulnerable.tf,aws_s3_bucket.benchmark,Public S3 access,True positive,8.0756828
case-01,Trivy,AWS-0132,S3 encryption should use Customer Managed Keys,HIGH,case-01-public-s3/vulnerable.tf,aws_s3_bucket.benchmark,Public S3 access,True positive,8.0756828
case-02,Trivy,AWS-0086,S3 Access block should block public ACL,HIGH,case-02-s3-no-encryption/secure.tf,aws_s3_bucket.benchmark,No default S3 encryption,Additional valid finding,8.0756828
case-02,Trivy,AWS-0087,S3 Access block should block public policy,HIGH,case-02-s3-no-encryption/secure.tf,aws_s3_bucket.benchmark,No default S3 encryption,Additional valid finding,8.0756828
case-02,Trivy,AWS-0089,S3 Bucket Logging,LOW,case-02-s3-no-encryption/secure.tf,aws_s3_bucket.benchmark,No default S3 encryption,Additional valid finding,8.0756828
case-02,Trivy,AWS-0090,S3 Data should be versioned,MEDIUM,case-02-s3-no-encryption/secure.tf,aws_s3_bucket.benchmark,No default S3 encryption,Additional valid finding,8.0756828
case-02,Trivy,AWS-0091,S3 Access Block should Ignore Public ACL,HIGH,case-02-s3-no-encryption/secure.tf,aws_s3_bucket.benchmark,No default S3 encryption,Additional valid finding,8.0756828
case-02,Trivy,AWS-0093,S3 Access block should restrict public bucket to limit access,HIGH,case-02-s3-no-encryption/secure.tf,aws_s3_bucket.benchmark,No default S3 encryption,Additional valid finding,8.0756828
case-02,Trivy,AWS-0094,S3 buckets should each define an aws_s3_bucket_public_access_block,LOW,case-02-s3-no-encryption/secure.tf,aws_s3_bucket.benchmark,No default S3 encryption,Additional valid finding,8.0756828
case-02,Trivy,AWS-0132,S3 encryption should use Customer Managed Keys,HIGH,case-02-s3-no-encryption/secure.tf,aws_s3_bucket_server_side_encryption_configuration.benchmark,No default S3 encryption,Possible false positive,8.0756828
case-02,Trivy,AWS-0086,S3 Access block should block public ACL,HIGH,case-02-s3-no-encryption/vulnerable.tf,aws_s3_bucket.benchmark,No default S3 encryption,Additional valid finding,8.0756828
case-02,Trivy,AWS-0087,S3 Access block should block public policy,HIGH,case-02-s3-no-encryption/vulnerable.tf,aws_s3_bucket.benchmark,No default S3 encryption,Additional valid finding,8.0756828
case-02,Trivy,AWS-0089,S3 Bucket Logging,LOW,case-02-s3-no-encryption/vulnerable.tf,aws_s3_bucket.benchmark,No default S3 encryption,Additional valid finding,8.0756828
case-02,Trivy,AWS-0090,S3 Data should be versioned,MEDIUM,case-02-s3-no-encryption/vulnerable.tf,aws_s3_bucket.benchmark,No default S3 encryption,Additional valid finding,8.0756828
case-02,Trivy,AWS-0091,S3 Access Block should Ignore Public ACL,HIGH,case-02-s3-no-encryption/vulnerable.tf,aws_s3_bucket.benchmark,No default S3 encryption,Additional valid finding,8.0756828
case-02,Trivy,AWS-0093,S3 Access block should restrict public bucket to limit access,HIGH,case-02-s3-no-encryption/vulnerable.tf,aws_s3_bucket.benchmark,No default S3 encryption,Additional valid finding,8.0756828
case-02,Trivy,AWS-0094,S3 buckets should each define an aws_s3_bucket_public_access_block,LOW,case-02-s3-no-encryption/vulnerable.tf,aws_s3_bucket.benchmark,No default S3 encryption,Additional valid finding,8.0756828
case-03,Trivy,AWS-0086,S3 Access block should block public ACL,HIGH,case-03-s3-versioning-disabled/secure.tf,aws_s3_bucket.benchmark,S3 versioning disabled,Additional valid finding,8.0756828
case-03,Trivy,AWS-0087,S3 Access block should block public policy,HIGH,case-03-s3-versioning-disabled/secure.tf,aws_s3_bucket.benchmark,S3 versioning disabled,Additional valid finding,8.0756828
case-03,Trivy,AWS-0089,S3 Bucket Logging,LOW,case-03-s3-versioning-disabled/secure.tf,aws_s3_bucket.benchmark,S3 versioning disabled,Additional valid finding,8.0756828
case-03,Trivy,AWS-0091,S3 Access Block should Ignore Public ACL,HIGH,case-03-s3-versioning-disabled/secure.tf,aws_s3_bucket.benchmark,S3 versioning disabled,Additional valid finding,8.0756828
case-03,Trivy,AWS-0093,S3 Access block should restrict public bucket to limit access,HIGH,case-03-s3-versioning-disabled/secure.tf,aws_s3_bucket.benchmark,S3 versioning disabled,Additional valid finding,8.0756828
case-03,Trivy,AWS-0094,S3 buckets should each define an aws_s3_bucket_public_access_block,LOW,case-03-s3-versioning-disabled/secure.tf,aws_s3_bucket.benchmark,S3 versioning disabled,Additional valid finding,8.0756828
case-03,Trivy,AWS-0132,S3 encryption should use Customer Managed Keys,HIGH,case-03-s3-versioning-disabled/secure.tf,aws_s3_bucket.benchmark,S3 versioning disabled,Additional valid finding,8.0756828
case-03,Trivy,AWS-0086,S3 Access block should block public ACL,HIGH,case-03-s3-versioning-disabled/vulnerable.tf,aws_s3_bucket.benchmark,S3 versioning disabled,Additional valid finding,8.0756828
case-03,Trivy,AWS-0087,S3 Access block should block public policy,HIGH,case-03-s3-versioning-disabled/vulnerable.tf,aws_s3_bucket.benchmark,S3 versioning disabled,Additional valid finding,8.0756828
case-03,Trivy,AWS-0089,S3 Bucket Logging,LOW,case-03-s3-versioning-disabled/vulnerable.tf,aws_s3_bucket.benchmark,S3 versioning disabled,Additional valid finding,8.0756828
case-03,Trivy,AWS-0091,S3 Access Block should Ignore Public ACL,HIGH,case-03-s3-versioning-disabled/vulnerable.tf,aws_s3_bucket.benchmark,S3 versioning disabled,Additional valid finding,8.0756828
case-03,Trivy,AWS-0093,S3 Access block should restrict public bucket to limit access,HIGH,case-03-s3-versioning-disabled/vulnerable.tf,aws_s3_bucket.benchmark,S3 versioning disabled,Additional valid finding,8.0756828
case-03,Trivy,AWS-0094,S3 buckets should each define an aws_s3_bucket_public_access_block,LOW,case-03-s3-versioning-disabled/vulnerable.tf,aws_s3_bucket.benchmark,S3 versioning disabled,Additional valid finding,8.0756828
case-03,Trivy,AWS-0132,S3 encryption should use Customer Managed Keys,HIGH,case-03-s3-versioning-disabled/vulnerable.tf,aws_s3_bucket.benchmark,S3 versioning disabled,Additional valid finding,8.0756828
case-04,Trivy,AWS-0124,Missing description for security group rule.,LOW,case-04-open-ssh/secure.tf,aws_security_group.benchmark,Unrestricted SSH port 22,Possible false positive,8.0756828
case-04,Trivy,AWS-0107,Security groups should not allow unrestricted ingress to SSH or RDP from any IP address.,HIGH,case-04-open-ssh/vulnerable.tf,aws_security_group.benchmark,Unrestricted SSH port 22,True positive,8.0756828
case-04,Trivy,AWS-0124,Missing description for security group rule.,LOW,case-04-open-ssh/vulnerable.tf,aws_security_group.benchmark,Unrestricted SSH port 22,True positive,8.0756828
case-05,Trivy,AWS-0124,Missing description for security group rule.,LOW,case-05-open-rdp/secure.tf,aws_security_group.benchmark,Unrestricted RDP port 3389,Additional valid finding,8.0756828
case-05,Trivy,AWS-0107,Security groups should not allow unrestricted ingress to SSH or RDP from any IP address.,HIGH,case-05-open-rdp/vulnerable.tf,aws_security_group.benchmark,Unrestricted RDP port 3389,True positive,8.0756828
case-05,Trivy,AWS-0124,Missing description for security group rule.,LOW,case-05-open-rdp/vulnerable.tf,aws_security_group.benchmark,Unrestricted RDP port 3389,Additional valid finding,8.0756828
case-07,Trivy,AWS-0027,EBS volume encryption should use Customer Managed Keys,LOW,case-07-unencrypted-ebs/secure.tf,aws_ebs_volume.benchmark,Unencrypted EBS volume,Possible false positive,8.0756828
case-07,Trivy,AWS-0026,EBS volumes must be encrypted,HIGH,case-07-unencrypted-ebs/vulnerable.tf,aws_ebs_volume.benchmark,Unencrypted EBS volume,True positive,8.0756828
case-07,Trivy,AWS-0027,EBS volume encryption should use Customer Managed Keys,LOW,case-07-unencrypted-ebs/vulnerable.tf,aws_ebs_volume.benchmark,Unencrypted EBS volume,True positive,8.0756828
case-08,Trivy,AWS-0077,RDS Cluster and RDS instance should have backup retention longer than default 1 day,MEDIUM,case-08-public-rds/secure.tf,aws_db_instance.benchmark,Public RDS instance,Possible false positive,8.0756828
case-08,Trivy,AWS-0080,RDS encryption has not been enabled at a DB Instance level.,HIGH,case-08-public-rds/secure.tf,aws_db_instance.benchmark,Public RDS instance,Possible false positive,8.0756828
case-08,Trivy,AWS-0133,Enable Performance Insights to detect potential problems,LOW,case-08-public-rds/secure.tf,aws_db_instance.benchmark,Public RDS instance,Additional valid finding,8.0756828
case-08,Trivy,AWS-0176,RDS IAM Database Authentication Disabled,MEDIUM,case-08-public-rds/secure.tf,aws_db_instance.benchmark,Public RDS instance,Possible false positive,8.0756828
case-08,Trivy,AWS-0177,RDS Deletion Protection Disabled,MEDIUM,case-08-public-rds/secure.tf,aws_db_instance.benchmark,Public RDS instance,Possible false positive,8.0756828
case-08,Trivy,AWS-0077,RDS Cluster and RDS instance should have backup retention longer than default 1 day,MEDIUM,case-08-public-rds/vulnerable.tf,aws_db_instance.benchmark,Public RDS instance,True positive,8.0756828
case-08,Trivy,AWS-0080,RDS encryption has not been enabled at a DB Instance level.,HIGH,case-08-public-rds/vulnerable.tf,aws_db_instance.benchmark,Public RDS instance,True positive,8.0756828
case-08,Trivy,AWS-0133,Enable Performance Insights to detect potential problems,LOW,case-08-public-rds/vulnerable.tf,aws_db_instance.benchmark,Public RDS instance,Additional valid finding,8.0756828
case-08,Trivy,AWS-0176,RDS IAM Database Authentication Disabled,MEDIUM,case-08-public-rds/vulnerable.tf,aws_db_instance.benchmark,Public RDS instance,True positive,8.0756828
case-08,Trivy,AWS-0177,RDS Deletion Protection Disabled,MEDIUM,case-08-public-rds/vulnerable.tf,aws_db_instance.benchmark,Public RDS instance,True positive,8.0756828
case-08,Trivy,AWS-0180,RDS Publicly Accessible,HIGH,case-08-public-rds/vulnerable.tf,aws_db_instance.benchmark,Public RDS instance,True positive,8.0756828
case-09,Trivy,AWS-0077,RDS Cluster and RDS instance should have backup retention longer than default 1 day,MEDIUM,case-09-unencrypted-rds/secure.tf,aws_db_instance.benchmark,Unencrypted RDS storage,Possible false positive,8.0756828
case-09,Trivy,AWS-0133,Enable Performance Insights to detect potential problems,LOW,case-09-unencrypted-rds/secure.tf,aws_db_instance.benchmark,Unencrypted RDS storage,Additional valid finding,8.0756828
case-09,Trivy,AWS-0176,RDS IAM Database Authentication Disabled,MEDIUM,case-09-unencrypted-rds/secure.tf,aws_db_instance.benchmark,Unencrypted RDS storage,Possible false positive,8.0756828
case-09,Trivy,AWS-0177,RDS Deletion Protection Disabled,MEDIUM,case-09-unencrypted-rds/secure.tf,aws_db_instance.benchmark,Unencrypted RDS storage,Possible false positive,8.0756828
case-09,Trivy,AWS-0077,RDS Cluster and RDS instance should have backup retention longer than default 1 day,MEDIUM,case-09-unencrypted-rds/vulnerable.tf,aws_db_instance.benchmark,Unencrypted RDS storage,True positive,8.0756828
case-09,Trivy,AWS-0080,RDS encryption has not been enabled at a DB Instance level.,HIGH,case-09-unencrypted-rds/vulnerable.tf,aws_db_instance.benchmark,Unencrypted RDS storage,True positive,8.0756828
case-09,Trivy,AWS-0133,Enable Performance Insights to detect potential problems,LOW,case-09-unencrypted-rds/vulnerable.tf,aws_db_instance.benchmark,Unencrypted RDS storage,Additional valid finding,8.0756828
case-09,Trivy,AWS-0176,RDS IAM Database Authentication Disabled,MEDIUM,case-09-unencrypted-rds/vulnerable.tf,aws_db_instance.benchmark,Unencrypted RDS storage,True positive,8.0756828
case-09,Trivy,AWS-0177,RDS Deletion Protection Disabled,MEDIUM,case-09-unencrypted-rds/vulnerable.tf,aws_db_instance.benchmark,Unencrypted RDS storage,True positive,8.0756828
case-10,Trivy,AWS-0014,Cloudtrail should be enabled in all regions regardless of where your AWS resources are generally homed,MEDIUM,case-10-cloudtrail-validation-disabled/secure.tf,aws_cloudtrail.benchmark,CloudTrail validation disabled,Possible false positive,8.0756828
case-10,Trivy,AWS-0015,CloudTrail should use Customer managed keys to encrypt the logs,HIGH,case-10-cloudtrail-validation-disabled/secure.tf,aws_cloudtrail.benchmark,CloudTrail validation disabled,Possible false positive,8.0756828
case-10,Trivy,AWS-0086,S3 Access block should block public ACL,HIGH,case-10-cloudtrail-validation-disabled/secure.tf,aws_s3_bucket.logs,CloudTrail validation disabled,Additional valid finding,8.0756828
case-10,Trivy,AWS-0087,S3 Access block should block public policy,HIGH,case-10-cloudtrail-validation-disabled/secure.tf,aws_s3_bucket.logs,CloudTrail validation disabled,Additional valid finding,8.0756828
case-10,Trivy,AWS-0089,S3 Bucket Logging,LOW,case-10-cloudtrail-validation-disabled/secure.tf,aws_s3_bucket.logs,CloudTrail validation disabled,Possible false positive,8.0756828
case-10,Trivy,AWS-0090,S3 Data should be versioned,MEDIUM,case-10-cloudtrail-validation-disabled/secure.tf,aws_s3_bucket.logs,CloudTrail validation disabled,Additional valid finding,8.0756828
case-10,Trivy,AWS-0091,S3 Access Block should Ignore Public ACL,HIGH,case-10-cloudtrail-validation-disabled/secure.tf,aws_s3_bucket.logs,CloudTrail validation disabled,Additional valid finding,8.0756828
case-10,Trivy,AWS-0093,S3 Access block should restrict public bucket to limit access,HIGH,case-10-cloudtrail-validation-disabled/secure.tf,aws_s3_bucket.logs,CloudTrail validation disabled,Additional valid finding,8.0756828
case-10,Trivy,AWS-0094,S3 buckets should each define an aws_s3_bucket_public_access_block,LOW,case-10-cloudtrail-validation-disabled/secure.tf,aws_s3_bucket.logs,CloudTrail validation disabled,Additional valid finding,8.0756828
case-10,Trivy,AWS-0132,S3 encryption should use Customer Managed Keys,HIGH,case-10-cloudtrail-validation-disabled/secure.tf,aws_s3_bucket.logs,CloudTrail validation disabled,Additional valid finding,8.0756828
case-10,Trivy,AWS-0162,CloudTrail logs should be stored in S3 and also sent to CloudWatch Logs,LOW,case-10-cloudtrail-validation-disabled/secure.tf,aws_cloudtrail.benchmark,CloudTrail validation disabled,Possible false positive,8.0756828
case-10,Trivy,AWS-0163,You should enable bucket access logging on the CloudTrail S3 bucket.,LOW,case-10-cloudtrail-validation-disabled/secure.tf,aws_s3_bucket.logs,CloudTrail validation disabled,Possible false positive,8.0756828
case-10,Trivy,AWS-0014,Cloudtrail should be enabled in all regions regardless of where your AWS resources are generally homed,MEDIUM,case-10-cloudtrail-validation-disabled/vulnerable.tf,aws_cloudtrail.benchmark,CloudTrail validation disabled,True positive,8.0756828
case-10,Trivy,AWS-0015,CloudTrail should use Customer managed keys to encrypt the logs,HIGH,case-10-cloudtrail-validation-disabled/vulnerable.tf,aws_cloudtrail.benchmark,CloudTrail validation disabled,True positive,8.0756828
case-10,Trivy,AWS-0016,Cloudtrail log validation should be enabled to prevent tampering of log data,HIGH,case-10-cloudtrail-validation-disabled/vulnerable.tf,aws_cloudtrail.benchmark,CloudTrail validation disabled,True positive,8.0756828
case-10,Trivy,AWS-0086,S3 Access block should block public ACL,HIGH,case-10-cloudtrail-validation-disabled/vulnerable.tf,aws_s3_bucket.logs,CloudTrail validation disabled,Additional valid finding,8.0756828
case-10,Trivy,AWS-0087,S3 Access block should block public policy,HIGH,case-10-cloudtrail-validation-disabled/vulnerable.tf,aws_s3_bucket.logs,CloudTrail validation disabled,Additional valid finding,8.0756828
case-10,Trivy,AWS-0089,S3 Bucket Logging,LOW,case-10-cloudtrail-validation-disabled/vulnerable.tf,aws_s3_bucket.logs,CloudTrail validation disabled,True positive,8.0756828
case-10,Trivy,AWS-0090,S3 Data should be versioned,MEDIUM,case-10-cloudtrail-validation-disabled/vulnerable.tf,aws_s3_bucket.logs,CloudTrail validation disabled,Additional valid finding,8.0756828
case-10,Trivy,AWS-0091,S3 Access Block should Ignore Public ACL,HIGH,case-10-cloudtrail-validation-disabled/vulnerable.tf,aws_s3_bucket.logs,CloudTrail validation disabled,Additional valid finding,8.0756828
case-10,Trivy,AWS-0093,S3 Access block should restrict public bucket to limit access,HIGH,case-10-cloudtrail-validation-disabled/vulnerable.tf,aws_s3_bucket.logs,CloudTrail validation disabled,Additional valid finding,8.0756828
case-10,Trivy,AWS-0094,S3 buckets should each define an aws_s3_bucket_public_access_block,LOW,case-10-cloudtrail-validation-disabled/vulnerable.tf,aws_s3_bucket.logs,CloudTrail validation disabled,Additional valid finding,8.0756828
case-10,Trivy,AWS-0132,S3 encryption should use Customer Managed Keys,HIGH,case-10-cloudtrail-validation-disabled/vulnerable.tf,aws_s3_bucket.logs,CloudTrail validation disabled,Additional valid finding,8.0756828
case-10,Trivy,AWS-0162,CloudTrail logs should be stored in S3 and also sent to CloudWatch Logs,LOW,case-10-cloudtrail-validation-disabled/vulnerable.tf,aws_cloudtrail.benchmark,CloudTrail validation disabled,True positive,8.0756828
case-10,Trivy,AWS-0163,You should enable bucket access logging on the CloudTrail S3 bucket.,LOW,case-10-cloudtrail-validation-disabled/vulnerable.tf,aws_s3_bucket.logs,CloudTrail validation disabled,True positive,8.0756828
case-11,Trivy,AWS-0014,Cloudtrail should be enabled in all regions regardless of where your AWS resources are generally homed,MEDIUM,case-11-cloudtrail-no-kms/secure.tf,aws_cloudtrail.benchmark,CloudTrail without customer-managed KMS,Possible false positive,8.0756828
case-11,Trivy,AWS-0016,Cloudtrail log validation should be enabled to prevent tampering of log data,HIGH,case-11-cloudtrail-no-kms/secure.tf,aws_cloudtrail.benchmark,CloudTrail without customer-managed KMS,Possible false positive,8.0756828
case-11,Trivy,AWS-0086,S3 Access block should block public ACL,HIGH,case-11-cloudtrail-no-kms/secure.tf,aws_s3_bucket.logs,CloudTrail without customer-managed KMS,Additional valid finding,8.0756828
case-11,Trivy,AWS-0087,S3 Access block should block public policy,HIGH,case-11-cloudtrail-no-kms/secure.tf,aws_s3_bucket.logs,CloudTrail without customer-managed KMS,Additional valid finding,8.0756828
case-11,Trivy,AWS-0089,S3 Bucket Logging,LOW,case-11-cloudtrail-no-kms/secure.tf,aws_s3_bucket.logs,CloudTrail without customer-managed KMS,Additional valid finding,8.0756828
case-11,Trivy,AWS-0090,S3 Data should be versioned,MEDIUM,case-11-cloudtrail-no-kms/secure.tf,aws_s3_bucket.logs,CloudTrail without customer-managed KMS,Additional valid finding,8.0756828
case-11,Trivy,AWS-0091,S3 Access Block should Ignore Public ACL,HIGH,case-11-cloudtrail-no-kms/secure.tf,aws_s3_bucket.logs,CloudTrail without customer-managed KMS,Additional valid finding,8.0756828
case-11,Trivy,AWS-0093,S3 Access block should restrict public bucket to limit access,HIGH,case-11-cloudtrail-no-kms/secure.tf,aws_s3_bucket.logs,CloudTrail without customer-managed KMS,Additional valid finding,8.0756828
case-11,Trivy,AWS-0094,S3 buckets should each define an aws_s3_bucket_public_access_block,LOW,case-11-cloudtrail-no-kms/secure.tf,aws_s3_bucket.logs,CloudTrail without customer-managed KMS,Additional valid finding,8.0756828
case-11,Trivy,AWS-0132,S3 encryption should use Customer Managed Keys,HIGH,case-11-cloudtrail-no-kms/secure.tf,aws_s3_bucket.logs,CloudTrail without customer-managed KMS,Possible false positive,8.0756828
case-11,Trivy,AWS-0162,CloudTrail logs should be stored in S3 and also sent to CloudWatch Logs,LOW,case-11-cloudtrail-no-kms/secure.tf,aws_cloudtrail.benchmark,CloudTrail without customer-managed KMS,Possible false positive,8.0756828
case-11,Trivy,AWS-0014,Cloudtrail should be enabled in all regions regardless of where your AWS resources are generally homed,MEDIUM,case-11-cloudtrail-no-kms/vulnerable.tf,aws_cloudtrail.benchmark,CloudTrail without customer-managed KMS,True positive,8.0756828
case-11,Trivy,AWS-0015,CloudTrail should use Customer managed keys to encrypt the logs,HIGH,case-11-cloudtrail-no-kms/vulnerable.tf,aws_cloudtrail.benchmark,CloudTrail without customer-managed KMS,True positive,8.0756828
case-11,Trivy,AWS-0016,Cloudtrail log validation should be enabled to prevent tampering of log data,HIGH,case-11-cloudtrail-no-kms/vulnerable.tf,aws_cloudtrail.benchmark,CloudTrail without customer-managed KMS,True positive,8.0756828
case-11,Trivy,AWS-0086,S3 Access block should block public ACL,HIGH,case-11-cloudtrail-no-kms/vulnerable.tf,aws_s3_bucket.logs,CloudTrail without customer-managed KMS,Additional valid finding,8.0756828
case-11,Trivy,AWS-0087,S3 Access block should block public policy,HIGH,case-11-cloudtrail-no-kms/vulnerable.tf,aws_s3_bucket.logs,CloudTrail without customer-managed KMS,Additional valid finding,8.0756828
case-11,Trivy,AWS-0089,S3 Bucket Logging,LOW,case-11-cloudtrail-no-kms/vulnerable.tf,aws_s3_bucket.logs,CloudTrail without customer-managed KMS,Additional valid finding,8.0756828
case-11,Trivy,AWS-0090,S3 Data should be versioned,MEDIUM,case-11-cloudtrail-no-kms/vulnerable.tf,aws_s3_bucket.logs,CloudTrail without customer-managed KMS,Additional valid finding,8.0756828
case-11,Trivy,AWS-0091,S3 Access Block should Ignore Public ACL,HIGH,case-11-cloudtrail-no-kms/vulnerable.tf,aws_s3_bucket.logs,CloudTrail without customer-managed KMS,Additional valid finding,8.0756828
case-11,Trivy,AWS-0093,S3 Access block should restrict public bucket to limit access,HIGH,case-11-cloudtrail-no-kms/vulnerable.tf,aws_s3_bucket.logs,CloudTrail without customer-managed KMS,Additional valid finding,8.0756828
case-11,Trivy,AWS-0094,S3 buckets should each define an aws_s3_bucket_public_access_block,LOW,case-11-cloudtrail-no-kms/vulnerable.tf,aws_s3_bucket.logs,CloudTrail without customer-managed KMS,Additional valid finding,8.0756828
case-11,Trivy,AWS-0132,S3 encryption should use Customer Managed Keys,HIGH,case-11-cloudtrail-no-kms/vulnerable.tf,aws_s3_bucket.logs,CloudTrail without customer-managed KMS,True positive,8.0756828
case-11,Trivy,AWS-0162,CloudTrail logs should be stored in S3 and also sent to CloudWatch Logs,LOW,case-11-cloudtrail-no-kms/vulnerable.tf,aws_cloudtrail.benchmark,CloudTrail without customer-managed KMS,True positive,8.0756828
case-11,Trivy,AWS-0163,You should enable bucket access logging on the CloudTrail S3 bucket.,LOW,case-11-cloudtrail-no-kms/vulnerable.tf,aws_s3_bucket.logs,CloudTrail without customer-managed KMS,True positive,8.0756828
case-12,Trivy,AWS-0065,A KMS key is not configured to auto-rotate.,MEDIUM,case-12-kms-rotation-disabled/vulnerable.tf,aws_kms_key.benchmark,KMS rotation disabled,True positive,8.0756828
case-08,KICS,35113e6f-2c6b-414d-beec-7a9482d3b2d1,RDS DB Instance Publicly Accessible,CRITICAL,../../tf/benchmark/case-08-public-rds/vulnerable.tf,aws_db_instance,Public RDS instance,True positive,30.2972673
case-01,KICS,7af43613-6bb9-4a0e-8c4d-1314b799425e,S3 Bucket Access to Any Principal,CRITICAL,../../tf/benchmark/case-01-public-s3/vulnerable.tf,aws_s3_bucket_policy,Public S3 access,True positive,30.2972673
case-08,KICS,08bd0760-8752-44e1-9779-7bb369b2b4e4,DB Instance Storage Not Encrypted,HIGH,../../tf/benchmark/case-08-public-rds/secure.tf,aws_db_instance,Public RDS instance,Additional valid finding,30.2972673
case-09,KICS,08bd0760-8752-44e1-9779-7bb369b2b4e4,DB Instance Storage Not Encrypted,HIGH,../../tf/benchmark/case-09-unencrypted-rds/vulnerable.tf,aws_db_instance,Unencrypted RDS storage,True positive,30.2972673
case-08,KICS,08bd0760-8752-44e1-9779-7bb369b2b4e4,DB Instance Storage Not Encrypted,HIGH,../../tf/benchmark/case-08-public-rds/vulnerable.tf,aws_db_instance,Public RDS instance,Additional valid finding,30.2972673
case-07,KICS,cc997676-481b-4e93-aa81-d19f8c5e9b12,EBS Volume Encryption Disabled,HIGH,../../tf/benchmark/case-07-unencrypted-ebs/vulnerable.tf,aws_ebs_volume,Unencrypted EBS volume,True positive,30.2972673
case-06,KICS,575a2155-6af1-4026-b1af-d5bc8fe2a904,IAM Policy Grants Full Permissions,HIGH,../../tf/benchmark/case-06-wildcard-iam/vulnerable.tf,aws_iam_policy,Wildcard IAM permissions,True positive,30.2972673
case-12,KICS,7ebc9038-0bde-479a-acc4-6ed7b6758899,KMS Key With Vulnerable Policy,HIGH,../../tf/benchmark/case-12-kms-rotation-disabled/secure.tf,aws_kms_key,KMS rotation disabled,Possible false positive,30.2972673
case-11,KICS,7ebc9038-0bde-479a-acc4-6ed7b6758899,KMS Key With Vulnerable Policy,HIGH,../../tf/benchmark/case-11-cloudtrail-no-kms/secure.tf,aws_kms_key,CloudTrail without customer-managed KMS,Possible false positive,30.2972673
case-12,KICS,7ebc9038-0bde-479a-acc4-6ed7b6758899,KMS Key With Vulnerable Policy,HIGH,../../tf/benchmark/case-12-kms-rotation-disabled/vulnerable.tf,aws_kms_key,KMS rotation disabled,True positive,30.2972673
case-05,KICS,151187cb-0efc-481c-babd-ad24e3c9bc22,Remote Desktop Port Open To Internet,HIGH,../../tf/benchmark/case-05-open-rdp/vulnerable.tf,aws_security_group,Unrestricted RDP port 3389,Additional valid finding,30.2972673
case-01,KICS,1df37f4b-7197-45ce-83f8-9994d2fcf885,S3 Bucket Allows Get Action From All Principals,HIGH,../../tf/benchmark/case-01-public-s3/vulnerable.tf,aws_s3_bucket_policy,Public S3 access,True positive,30.2972673
case-04,KICS,381c3f2a-ef6f-4eff-99f7-b169cda3422c,Sensitive Port Is Exposed To Entire Network,HIGH,../../tf/benchmark/case-04-open-ssh/vulnerable.tf,aws_security_group,Unrestricted SSH port 22,Additional valid finding,30.2972673
case-05,KICS,381c3f2a-ef6f-4eff-99f7-b169cda3422c,Sensitive Port Is Exposed To Entire Network,HIGH,../../tf/benchmark/case-05-open-rdp/vulnerable.tf,aws_security_group,Unrestricted RDP port 3389,Additional valid finding,30.2972673
case-04,KICS,4728cd65-a20c-49da-8b31-9c08b423e4db,Unrestricted Security Group Ingress,HIGH,../../tf/benchmark/case-04-open-ssh/vulnerable.tf,aws_security_group,Unrestricted SSH port 22,True positive,30.2972673
case-05,KICS,4728cd65-a20c-49da-8b31-9c08b423e4db,Unrestricted Security Group Ingress,HIGH,../../tf/benchmark/case-05-open-rdp/vulnerable.tf,aws_security_group,Unrestricted RDP port 3389,Additional valid finding,30.2972673
case-11,KICS,ee9e50e8-b2ed-4176-ad42-8fc0cf7593f4,CloudTrail Log Files S3 Bucket with Logging Disabled,MEDIUM,../../tf/benchmark/case-11-cloudtrail-no-kms/vulnerable.tf,aws_s3_bucket,CloudTrail without customer-managed KMS,True positive,30.2972673
case-11,KICS,ee9e50e8-b2ed-4176-ad42-8fc0cf7593f4,CloudTrail Log Files S3 Bucket with Logging Disabled,MEDIUM,../../tf/benchmark/case-11-cloudtrail-no-kms/secure.tf,aws_s3_bucket,CloudTrail without customer-managed KMS,Possible false positive,30.2972673
case-10,KICS,ee9e50e8-b2ed-4176-ad42-8fc0cf7593f4,CloudTrail Log Files S3 Bucket with Logging Disabled,MEDIUM,../../tf/benchmark/case-10-cloudtrail-validation-disabled/secure.tf,aws_s3_bucket,CloudTrail validation disabled,Possible false positive,30.2972673
case-10,KICS,ee9e50e8-b2ed-4176-ad42-8fc0cf7593f4,CloudTrail Log Files S3 Bucket with Logging Disabled,MEDIUM,../../tf/benchmark/case-10-cloudtrail-validation-disabled/vulnerable.tf,aws_s3_bucket,CloudTrail validation disabled,True positive,30.2972673
case-09,KICS,88fd05e0-ac0e-43d2-ba6d-fc0ba60ae1a6,IAM Database Auth Not Enabled,MEDIUM,../../tf/benchmark/case-09-unencrypted-rds/vulnerable.tf,aws_db_instance,Unencrypted RDS storage,True positive,30.2972673
case-08,KICS,88fd05e0-ac0e-43d2-ba6d-fc0ba60ae1a6,IAM Database Auth Not Enabled,MEDIUM,../../tf/benchmark/case-08-public-rds/secure.tf,aws_db_instance,Public RDS instance,Additional valid finding,30.2972673
case-09,KICS,88fd05e0-ac0e-43d2-ba6d-fc0ba60ae1a6,IAM Database Auth Not Enabled,MEDIUM,../../tf/benchmark/case-09-unencrypted-rds/secure.tf,aws_db_instance,Unencrypted RDS storage,Possible false positive,30.2972673
case-08,KICS,88fd05e0-ac0e-43d2-ba6d-fc0ba60ae1a6,IAM Database Auth Not Enabled,MEDIUM,../../tf/benchmark/case-08-public-rds/vulnerable.tf,aws_db_instance,Public RDS instance,Additional valid finding,30.2972673
case-06,KICS,2f37c4a3-58b9-4afe-8a87-d7f1d2286f84,IAM Policies With Full Privileges,MEDIUM,../../tf/benchmark/case-06-wildcard-iam/vulnerable.tf,aws_iam_policy,Wildcard IAM permissions,True positive,30.2972673
case-06,KICS,ba2ed23b-52d3-45ca-be25-f6c358d45abd,IAM policy allows for data exfiltration,MEDIUM,../../tf/benchmark/case-06-wildcard-iam/vulnerable.tf,aws_iam_policy,Wildcard IAM permissions,True positive,30.2972673
case-06,KICS,ba2ed23b-52d3-45ca-be25-f6c358d45abd,IAM policy allows for data exfiltration,MEDIUM,../../tf/benchmark/case-06-wildcard-iam/secure.tf,aws_iam_policy,Wildcard IAM permissions,Possible false positive,30.2972673
case-09,KICS,1dc73fb4-5b51-430c-8c5f-25dcf9090b02,RDS With Backup Disabled,MEDIUM,../../tf/benchmark/case-09-unencrypted-rds/vulnerable.tf,aws_db_instance,Unencrypted RDS storage,True positive,30.2972673
case-08,KICS,1dc73fb4-5b51-430c-8c5f-25dcf9090b02,RDS With Backup Disabled,MEDIUM,../../tf/benchmark/case-08-public-rds/secure.tf,aws_db_instance,Public RDS instance,Possible false positive,30.2972673
case-09,KICS,1dc73fb4-5b51-430c-8c5f-25dcf9090b02,RDS With Backup Disabled,MEDIUM,../../tf/benchmark/case-09-unencrypted-rds/secure.tf,aws_db_instance,Unencrypted RDS storage,Possible false positive,30.2972673
case-08,KICS,1dc73fb4-5b51-430c-8c5f-25dcf9090b02,RDS With Backup Disabled,MEDIUM,../../tf/benchmark/case-08-public-rds/vulnerable.tf,aws_db_instance,Public RDS instance,True positive,30.2972673
case-09,KICS,8d7f7b8c-6c7c-40f8-baa6-62006c6c7b56,RDS Without Logging,MEDIUM,../../tf/benchmark/case-09-unencrypted-rds/secure.tf,aws_db_instance,Unencrypted RDS storage,Possible false positive,30.2972673
case-09,KICS,8d7f7b8c-6c7c-40f8-baa6-62006c6c7b56,RDS Without Logging,MEDIUM,../../tf/benchmark/case-09-unencrypted-rds/vulnerable.tf,aws_db_instance,Unencrypted RDS storage,True positive,30.2972673
case-08,KICS,8d7f7b8c-6c7c-40f8-baa6-62006c6c7b56,RDS Without Logging,MEDIUM,../../tf/benchmark/case-08-public-rds/vulnerable.tf,aws_db_instance,Public RDS instance,True positive,30.2972673
case-08,KICS,8d7f7b8c-6c7c-40f8-baa6-62006c6c7b56,RDS Without Logging,MEDIUM,../../tf/benchmark/case-08-public-rds/secure.tf,aws_db_instance,Public RDS instance,Possible false positive,30.2972673
case-11,KICS,f861041c-8c9f-4156-acfc-5e6e524f5884,S3 Bucket Logging Disabled,MEDIUM,../../tf/benchmark/case-11-cloudtrail-no-kms/vulnerable.tf,aws_s3_bucket,CloudTrail without customer-managed KMS,Additional valid finding,30.2972673
case-10,KICS,f861041c-8c9f-4156-acfc-5e6e524f5884,S3 Bucket Logging Disabled,MEDIUM,../../tf/benchmark/case-10-cloudtrail-validation-disabled/secure.tf,aws_s3_bucket,CloudTrail validation disabled,Possible false positive,30.2972673
case-01,KICS,f861041c-8c9f-4156-acfc-5e6e524f5884,S3 Bucket Logging Disabled,MEDIUM,../../tf/benchmark/case-01-public-s3/vulnerable.tf,aws_s3_bucket,Public S3 access,True positive,30.2972673
case-03,KICS,f861041c-8c9f-4156-acfc-5e6e524f5884,S3 Bucket Logging Disabled,MEDIUM,../../tf/benchmark/case-03-s3-versioning-disabled/secure.tf,aws_s3_bucket,S3 versioning disabled,Additional valid finding,30.2972673
case-02,KICS,f861041c-8c9f-4156-acfc-5e6e524f5884,S3 Bucket Logging Disabled,MEDIUM,../../tf/benchmark/case-02-s3-no-encryption/vulnerable.tf,aws_s3_bucket,No default S3 encryption,Additional valid finding,30.2972673
case-02,KICS,f861041c-8c9f-4156-acfc-5e6e524f5884,S3 Bucket Logging Disabled,MEDIUM,../../tf/benchmark/case-02-s3-no-encryption/secure.tf,aws_s3_bucket,No default S3 encryption,Additional valid finding,30.2972673
case-11,KICS,f861041c-8c9f-4156-acfc-5e6e524f5884,S3 Bucket Logging Disabled,MEDIUM,../../tf/benchmark/case-11-cloudtrail-no-kms/secure.tf,aws_s3_bucket,CloudTrail without customer-managed KMS,Additional valid finding,30.2972673
case-03,KICS,f861041c-8c9f-4156-acfc-5e6e524f5884,S3 Bucket Logging Disabled,MEDIUM,../../tf/benchmark/case-03-s3-versioning-disabled/vulnerable.tf,aws_s3_bucket,S3 versioning disabled,Additional valid finding,30.2972673
case-01,KICS,f861041c-8c9f-4156-acfc-5e6e524f5884,S3 Bucket Logging Disabled,MEDIUM,../../tf/benchmark/case-01-public-s3/secure.tf,aws_s3_bucket,Public S3 access,Possible false positive,30.2972673
case-10,KICS,f861041c-8c9f-4156-acfc-5e6e524f5884,S3 Bucket Logging Disabled,MEDIUM,../../tf/benchmark/case-10-cloudtrail-validation-disabled/vulnerable.tf,aws_s3_bucket,CloudTrail validation disabled,True positive,30.2972673
case-01,KICS,4bc4dd4c-7d8d-405e-a0fb-57fa4c31b4d9,S3 Bucket Policy Accepts HTTP Requests,MEDIUM,../../tf/benchmark/case-01-public-s3/vulnerable.tf,aws_s3_bucket_policy,Public S3 access,True positive,30.2972673
case-11,KICS,568a4d22-3517-44a6-a7ad-6a7eed88722c,S3 Bucket Without Versioning,MEDIUM,../../tf/benchmark/case-11-cloudtrail-no-kms/secure.tf,aws_s3_bucket,CloudTrail without customer-managed KMS,Additional valid finding,30.2972673
case-10,KICS,568a4d22-3517-44a6-a7ad-6a7eed88722c,S3 Bucket Without Versioning,MEDIUM,../../tf/benchmark/case-10-cloudtrail-validation-disabled/secure.tf,aws_s3_bucket,CloudTrail validation disabled,Additional valid finding,30.2972673
case-11,KICS,568a4d22-3517-44a6-a7ad-6a7eed88722c,S3 Bucket Without Versioning,MEDIUM,../../tf/benchmark/case-11-cloudtrail-no-kms/vulnerable.tf,aws_s3_bucket,CloudTrail without customer-managed KMS,Additional valid finding,30.2972673
case-10,KICS,568a4d22-3517-44a6-a7ad-6a7eed88722c,S3 Bucket Without Versioning,MEDIUM,../../tf/benchmark/case-10-cloudtrail-validation-disabled/vulnerable.tf,aws_s3_bucket,CloudTrail validation disabled,Additional valid finding,30.2972673
case-03,KICS,568a4d22-3517-44a6-a7ad-6a7eed88722c,S3 Bucket Without Versioning,MEDIUM,../../tf/benchmark/case-03-s3-versioning-disabled/vulnerable.tf,aws_s3_bucket_versioning,S3 versioning disabled,True positive,30.2972673
case-04,KICS,65905cec-d691-4320-b320-2000436cb696,Security Group With Unrestricted Access To SSH,MEDIUM,../../tf/benchmark/case-04-open-ssh/vulnerable.tf,aws_security_group,Unrestricted SSH port 22,True positive,30.2972673
case-12,KICS,22fbfeac-7b5a-421a-8a27-7a2178bb910b,CMK Rotation Disabled,LOW,../../tf/benchmark/case-12-kms-rotation-disabled/vulnerable.tf,aws_kms_key,KMS rotation disabled,True positive,30.2972673
case-11,KICS,52ffcfa6-6c70-4ea6-8376-d828d3961669,CloudTrail Log File Validation Disabled,LOW,../../tf/benchmark/case-11-cloudtrail-no-kms/vulnerable.tf,aws_cloudtrail,CloudTrail without customer-managed KMS,True positive,30.2972673
case-10,KICS,52ffcfa6-6c70-4ea6-8376-d828d3961669,CloudTrail Log File Validation Disabled,LOW,../../tf/benchmark/case-10-cloudtrail-validation-disabled/vulnerable.tf,aws_cloudtrail,CloudTrail validation disabled,True positive,30.2972673
case-11,KICS,52ffcfa6-6c70-4ea6-8376-d828d3961669,CloudTrail Log File Validation Disabled,LOW,../../tf/benchmark/case-11-cloudtrail-no-kms/secure.tf,aws_cloudtrail,CloudTrail without customer-managed KMS,Possible false positive,30.2972673
case-10,KICS,5d9e3164-9265-470c-9a10-57ae454ac0c7,CloudTrail Log Files Not Encrypted With KMS,LOW,../../tf/benchmark/case-10-cloudtrail-validation-disabled/vulnerable.tf,aws_cloudtrail,CloudTrail validation disabled,True positive,30.2972673
case-10,KICS,5d9e3164-9265-470c-9a10-57ae454ac0c7,CloudTrail Log Files Not Encrypted With KMS,LOW,../../tf/benchmark/case-10-cloudtrail-validation-disabled/secure.tf,aws_cloudtrail,CloudTrail validation disabled,Possible false positive,30.2972673
case-11,KICS,5d9e3164-9265-470c-9a10-57ae454ac0c7,CloudTrail Log Files Not Encrypted With KMS,LOW,../../tf/benchmark/case-11-cloudtrail-no-kms/vulnerable.tf,aws_cloudtrail,CloudTrail without customer-managed KMS,True positive,30.2972673
case-10,KICS,8173d5eb-96b5-4aa6-a71b-ecfa153c123d,CloudTrail Multi Region Disabled,LOW,../../tf/benchmark/case-10-cloudtrail-validation-disabled/secure.tf,aws_cloudtrail,CloudTrail validation disabled,Possible false positive,30.2972673
case-10,KICS,8173d5eb-96b5-4aa6-a71b-ecfa153c123d,CloudTrail Multi Region Disabled,LOW,../../tf/benchmark/case-10-cloudtrail-validation-disabled/vulnerable.tf,aws_cloudtrail,CloudTrail validation disabled,True positive,30.2972673
case-11,KICS,8173d5eb-96b5-4aa6-a71b-ecfa153c123d,CloudTrail Multi Region Disabled,LOW,../../tf/benchmark/case-11-cloudtrail-no-kms/secure.tf,aws_cloudtrail,CloudTrail without customer-managed KMS,Possible false positive,30.2972673
case-11,KICS,8173d5eb-96b5-4aa6-a71b-ecfa153c123d,CloudTrail Multi Region Disabled,LOW,../../tf/benchmark/case-11-cloudtrail-no-kms/vulnerable.tf,aws_cloudtrail,CloudTrail without customer-managed KMS,True positive,30.2972673
case-10,KICS,17b30f8f-8dfb-4597-adf6-57600b6cf25e,CloudTrail Not Integrated With CloudWatch,LOW,../../tf/benchmark/case-10-cloudtrail-validation-disabled/secure.tf,aws_cloudtrail,CloudTrail validation disabled,Possible false positive,30.2972673
case-11,KICS,17b30f8f-8dfb-4597-adf6-57600b6cf25e,CloudTrail Not Integrated With CloudWatch,LOW,../../tf/benchmark/case-11-cloudtrail-no-kms/vulnerable.tf,aws_cloudtrail,CloudTrail without customer-managed KMS,True positive,30.2972673
case-10,KICS,17b30f8f-8dfb-4597-adf6-57600b6cf25e,CloudTrail Not Integrated With CloudWatch,LOW,../../tf/benchmark/case-10-cloudtrail-validation-disabled/vulnerable.tf,aws_cloudtrail,CloudTrail validation disabled,True positive,30.2972673
case-11,KICS,17b30f8f-8dfb-4597-adf6-57600b6cf25e,CloudTrail Not Integrated With CloudWatch,LOW,../../tf/benchmark/case-11-cloudtrail-no-kms/secure.tf,aws_cloudtrail,CloudTrail without customer-managed KMS,Possible false positive,30.2972673
case-11,KICS,17b30f8f-8dfb-4597-adf6-57600b6cf25e,CloudTrail Not Integrated With CloudWatch,LOW,../../tf/benchmark/case-11-cloudtrail-no-kms/secure.tf,aws_cloudtrail,CloudTrail without customer-managed KMS,Possible false positive,30.2972673
case-10,KICS,17b30f8f-8dfb-4597-adf6-57600b6cf25e,CloudTrail Not Integrated With CloudWatch,LOW,../../tf/benchmark/case-10-cloudtrail-validation-disabled/secure.tf,aws_cloudtrail,CloudTrail validation disabled,Possible false positive,30.2972673
case-10,KICS,17b30f8f-8dfb-4597-adf6-57600b6cf25e,CloudTrail Not Integrated With CloudWatch,LOW,../../tf/benchmark/case-10-cloudtrail-validation-disabled/vulnerable.tf,aws_cloudtrail,CloudTrail validation disabled,True positive,30.2972673
case-11,KICS,17b30f8f-8dfb-4597-adf6-57600b6cf25e,CloudTrail Not Integrated With CloudWatch,LOW,../../tf/benchmark/case-11-cloudtrail-no-kms/vulnerable.tf,aws_cloudtrail,CloudTrail without customer-managed KMS,True positive,30.2972673
case-11,KICS,482b7d26-0bdb-4b5f-bf6f-545826c0a3dd,CloudTrail SNS Topic Name Undefined,LOW,../../tf/benchmark/case-11-cloudtrail-no-kms/secure.tf,aws_cloudtrail,CloudTrail without customer-managed KMS,Possible false positive,30.2972673
case-10,KICS,482b7d26-0bdb-4b5f-bf6f-545826c0a3dd,CloudTrail SNS Topic Name Undefined,LOW,../../tf/benchmark/case-10-cloudtrail-validation-disabled/secure.tf,aws_cloudtrail,CloudTrail validation disabled,Possible false positive,30.2972673
case-10,KICS,482b7d26-0bdb-4b5f-bf6f-545826c0a3dd,CloudTrail SNS Topic Name Undefined,LOW,../../tf/benchmark/case-10-cloudtrail-validation-disabled/vulnerable.tf,aws_cloudtrail,CloudTrail validation disabled,True positive,30.2972673
case-11,KICS,482b7d26-0bdb-4b5f-bf6f-545826c0a3dd,CloudTrail SNS Topic Name Undefined,LOW,../../tf/benchmark/case-11-cloudtrail-no-kms/vulnerable.tf,aws_cloudtrail,CloudTrail without customer-managed KMS,True positive,30.2972673
case-04,KICS,e592a0c5-5bdb-414c-9066-5dba7cdea370,IAM Access Analyzer Not Enabled,LOW,../../tf/benchmark/case-04-open-ssh/vulnerable.tf,n/a,Unrestricted SSH port 22,Additional valid finding,30.2972673
case-10,KICS,e592a0c5-5bdb-414c-9066-5dba7cdea370,IAM Access Analyzer Not Enabled,LOW,../../tf/benchmark/case-10-cloudtrail-validation-disabled/vulnerable.tf,n/a,CloudTrail validation disabled,Additional valid finding,30.2972673
case-11,KICS,e592a0c5-5bdb-414c-9066-5dba7cdea370,IAM Access Analyzer Not Enabled,LOW,../../tf/benchmark/case-11-cloudtrail-no-kms/secure.tf,n/a,CloudTrail without customer-managed KMS,Additional valid finding,30.2972673
case-07,KICS,e592a0c5-5bdb-414c-9066-5dba7cdea370,IAM Access Analyzer Not Enabled,LOW,../../tf/benchmark/case-07-unencrypted-ebs/vulnerable.tf,n/a,Unencrypted EBS volume,Additional valid finding,30.2972673
case-10,KICS,e592a0c5-5bdb-414c-9066-5dba7cdea370,IAM Access Analyzer Not Enabled,LOW,../../tf/benchmark/case-10-cloudtrail-validation-disabled/secure.tf,n/a,CloudTrail validation disabled,Additional valid finding,30.2972673
case-02,KICS,e592a0c5-5bdb-414c-9066-5dba7cdea370,IAM Access Analyzer Not Enabled,LOW,../../tf/benchmark/case-02-s3-no-encryption/secure.tf,n/a,No default S3 encryption,Additional valid finding,30.2972673
case-07,KICS,e592a0c5-5bdb-414c-9066-5dba7cdea370,IAM Access Analyzer Not Enabled,LOW,../../tf/benchmark/case-07-unencrypted-ebs/secure.tf,n/a,Unencrypted EBS volume,Additional valid finding,30.2972673
case-06,KICS,e592a0c5-5bdb-414c-9066-5dba7cdea370,IAM Access Analyzer Not Enabled,LOW,../../tf/benchmark/case-06-wildcard-iam/vulnerable.tf,n/a,Wildcard IAM permissions,True positive,30.2972673
case-06,KICS,e592a0c5-5bdb-414c-9066-5dba7cdea370,IAM Access Analyzer Not Enabled,LOW,../../tf/benchmark/case-06-wildcard-iam/secure.tf,n/a,Wildcard IAM permissions,Possible false positive,30.2972673
case-12,KICS,e592a0c5-5bdb-414c-9066-5dba7cdea370,IAM Access Analyzer Not Enabled,LOW,../../tf/benchmark/case-12-kms-rotation-disabled/secure.tf,n/a,KMS rotation disabled,Additional valid finding,30.2972673
case-03,KICS,e592a0c5-5bdb-414c-9066-5dba7cdea370,IAM Access Analyzer Not Enabled,LOW,../../tf/benchmark/case-03-s3-versioning-disabled/secure.tf,n/a,S3 versioning disabled,Additional valid finding,30.2972673
case-01,KICS,e592a0c5-5bdb-414c-9066-5dba7cdea370,IAM Access Analyzer Not Enabled,LOW,../../tf/benchmark/case-01-public-s3/vulnerable.tf,n/a,Public S3 access,Additional valid finding,30.2972673
case-02,KICS,e592a0c5-5bdb-414c-9066-5dba7cdea370,IAM Access Analyzer Not Enabled,LOW,../../tf/benchmark/case-02-s3-no-encryption/vulnerable.tf,n/a,No default S3 encryption,Additional valid finding,30.2972673
case-05,KICS,e592a0c5-5bdb-414c-9066-5dba7cdea370,IAM Access Analyzer Not Enabled,LOW,../../tf/benchmark/case-05-open-rdp/vulnerable.tf,n/a,Unrestricted RDP port 3389,Additional valid finding,30.2972673
case-11,KICS,e592a0c5-5bdb-414c-9066-5dba7cdea370,IAM Access Analyzer Not Enabled,LOW,../../tf/benchmark/case-11-cloudtrail-no-kms/vulnerable.tf,n/a,CloudTrail without customer-managed KMS,Additional valid finding,30.2972673
case-09,KICS,e592a0c5-5bdb-414c-9066-5dba7cdea370,IAM Access Analyzer Not Enabled,LOW,../../tf/benchmark/case-09-unencrypted-rds/secure.tf,n/a,Unencrypted RDS storage,Additional valid finding,30.2972673
case-04,KICS,e592a0c5-5bdb-414c-9066-5dba7cdea370,IAM Access Analyzer Not Enabled,LOW,../../tf/benchmark/case-04-open-ssh/secure.tf,n/a,Unrestricted SSH port 22,Additional valid finding,30.2972673
case-08,KICS,e592a0c5-5bdb-414c-9066-5dba7cdea370,IAM Access Analyzer Not Enabled,LOW,../../tf/benchmark/case-08-public-rds/vulnerable.tf,n/a,Public RDS instance,Additional valid finding,30.2972673
case-05,KICS,e592a0c5-5bdb-414c-9066-5dba7cdea370,IAM Access Analyzer Not Enabled,LOW,../../tf/benchmark/case-05-open-rdp/secure.tf,n/a,Unrestricted RDP port 3389,Additional valid finding,30.2972673
case-09,KICS,e592a0c5-5bdb-414c-9066-5dba7cdea370,IAM Access Analyzer Not Enabled,LOW,../../tf/benchmark/case-09-unencrypted-rds/vulnerable.tf,n/a,Unencrypted RDS storage,Additional valid finding,30.2972673
case-01,KICS,e592a0c5-5bdb-414c-9066-5dba7cdea370,IAM Access Analyzer Not Enabled,LOW,../../tf/benchmark/case-01-public-s3/secure.tf,n/a,Public S3 access,Additional valid finding,30.2972673
case-12,KICS,e592a0c5-5bdb-414c-9066-5dba7cdea370,IAM Access Analyzer Not Enabled,LOW,../../tf/benchmark/case-12-kms-rotation-disabled/vulnerable.tf,n/a,KMS rotation disabled,Additional valid finding,30.2972673
case-08,KICS,e592a0c5-5bdb-414c-9066-5dba7cdea370,IAM Access Analyzer Not Enabled,LOW,../../tf/benchmark/case-08-public-rds/secure.tf,n/a,Public RDS instance,Additional valid finding,30.2972673
case-03,KICS,e592a0c5-5bdb-414c-9066-5dba7cdea370,IAM Access Analyzer Not Enabled,LOW,../../tf/benchmark/case-03-s3-versioning-disabled/vulnerable.tf,n/a,S3 versioning disabled,Additional valid finding,30.2972673
case-06,KICS,0ca1017d-3b80-423e-bb9c-6cd5898d34bd,Lambda IAM InvokeFunction Misconfigured,LOW,../../tf/benchmark/case-06-wildcard-iam/vulnerable.tf,aws_iam_policy,Wildcard IAM permissions,True positive,30.2972673
case-03,KICS,c5b31ab9-0f26-4a49-b8aa-4cc064392f4d,S3 Bucket Without Enabled MFA Delete,LOW,../../tf/benchmark/case-03-s3-versioning-disabled/vulnerable.tf,aws_s3_bucket_versioning,S3 versioning disabled,Additional valid finding,30.2972673
case-03,KICS,c5b31ab9-0f26-4a49-b8aa-4cc064392f4d,S3 Bucket Without Enabled MFA Delete,LOW,../../tf/benchmark/case-03-s3-versioning-disabled/secure.tf,aws_s3_bucket_versioning,S3 versioning disabled,Additional valid finding,30.2972673
case-03,KICS,c5b31ab9-0f26-4a49-b8aa-4cc064392f4d,S3 Bucket Without Enabled MFA Delete,LOW,../../tf/benchmark/case-03-s3-versioning-disabled/vulnerable.tf,aws_s3_bucket_versioning,S3 versioning disabled,Additional valid finding,30.2972673
case-09,KICS,6d3dead4-c6b2-4db7-81bd-3a83eae8f255,Tags Not Copied to RDS Cluster Snapshot,LOW,../../tf/benchmark/case-09-unencrypted-rds/secure.tf,aws_db_instance,Unencrypted RDS storage,Possible false positive,30.2972673
case-09,KICS,6d3dead4-c6b2-4db7-81bd-3a83eae8f255,Tags Not Copied to RDS Cluster Snapshot,LOW,../../tf/benchmark/case-09-unencrypted-rds/vulnerable.tf,aws_db_instance,Unencrypted RDS storage,True positive,30.2972673
case-08,KICS,6d3dead4-c6b2-4db7-81bd-3a83eae8f255,Tags Not Copied to RDS Cluster Snapshot,LOW,../../tf/benchmark/case-08-public-rds/vulnerable.tf,aws_db_instance,Public RDS instance,True positive,30.2972673
case-08,KICS,6d3dead4-c6b2-4db7-81bd-3a83eae8f255,Tags Not Copied to RDS Cluster Snapshot,LOW,../../tf/benchmark/case-08-public-rds/secure.tf,aws_db_instance,Public RDS instance,Possible false positive,30.2972673
case-08,KICS,e38a8e0a-b88b-4902-b3fe-b0fcb17d5c10,Resource Not Using Tags,INFO,../../tf/benchmark/case-08-public-rds/vulnerable.tf,aws_db_instance,Public RDS instance,Additional valid finding,30.2972673
case-06,KICS,e38a8e0a-b88b-4902-b3fe-b0fcb17d5c10,Resource Not Using Tags,INFO,../../tf/benchmark/case-06-wildcard-iam/vulnerable.tf,aws_iam_policy,Wildcard IAM permissions,Additional valid finding,30.2972673
case-07,KICS,e38a8e0a-b88b-4902-b3fe-b0fcb17d5c10,Resource Not Using Tags,INFO,../../tf/benchmark/case-07-unencrypted-ebs/vulnerable.tf,aws_ebs_volume,Unencrypted EBS volume,Additional valid finding,30.2972673
case-04,KICS,e38a8e0a-b88b-4902-b3fe-b0fcb17d5c10,Resource Not Using Tags,INFO,../../tf/benchmark/case-04-open-ssh/vulnerable.tf,aws_security_group,Unrestricted SSH port 22,Additional valid finding,30.2972673
case-02,KICS,e38a8e0a-b88b-4902-b3fe-b0fcb17d5c10,Resource Not Using Tags,INFO,../../tf/benchmark/case-02-s3-no-encryption/vulnerable.tf,aws_s3_bucket,No default S3 encryption,Additional valid finding,30.2972673
case-01,KICS,e38a8e0a-b88b-4902-b3fe-b0fcb17d5c10,Resource Not Using Tags,INFO,../../tf/benchmark/case-01-public-s3/vulnerable.tf,aws_s3_bucket,Public S3 access,Additional valid finding,30.2972673
case-10,KICS,e38a8e0a-b88b-4902-b3fe-b0fcb17d5c10,Resource Not Using Tags,INFO,../../tf/benchmark/case-10-cloudtrail-validation-disabled/secure.tf,aws_cloudtrail,CloudTrail validation disabled,Additional valid finding,30.2972673
case-11,KICS,e38a8e0a-b88b-4902-b3fe-b0fcb17d5c10,Resource Not Using Tags,INFO,../../tf/benchmark/case-11-cloudtrail-no-kms/vulnerable.tf,aws_cloudtrail,CloudTrail without customer-managed KMS,Additional valid finding,30.2972673
case-11,KICS,e38a8e0a-b88b-4902-b3fe-b0fcb17d5c10,Resource Not Using Tags,INFO,../../tf/benchmark/case-11-cloudtrail-no-kms/secure.tf,aws_s3_bucket,CloudTrail without customer-managed KMS,Additional valid finding,30.2972673
case-05,KICS,e38a8e0a-b88b-4902-b3fe-b0fcb17d5c10,Resource Not Using Tags,INFO,../../tf/benchmark/case-05-open-rdp/secure.tf,aws_security_group,Unrestricted RDP port 3389,Additional valid finding,30.2972673
case-11,KICS,e38a8e0a-b88b-4902-b3fe-b0fcb17d5c10,Resource Not Using Tags,INFO,../../tf/benchmark/case-11-cloudtrail-no-kms/secure.tf,aws_cloudtrail,CloudTrail without customer-managed KMS,Additional valid finding,30.2972673
case-08,KICS,e38a8e0a-b88b-4902-b3fe-b0fcb17d5c10,Resource Not Using Tags,INFO,../../tf/benchmark/case-08-public-rds/secure.tf,aws_db_instance,Public RDS instance,Additional valid finding,30.2972673
case-01,KICS,e38a8e0a-b88b-4902-b3fe-b0fcb17d5c10,Resource Not Using Tags,INFO,../../tf/benchmark/case-01-public-s3/secure.tf,aws_s3_bucket,Public S3 access,Additional valid finding,30.2972673
case-11,KICS,e38a8e0a-b88b-4902-b3fe-b0fcb17d5c10,Resource Not Using Tags,INFO,../../tf/benchmark/case-11-cloudtrail-no-kms/vulnerable.tf,aws_s3_bucket,CloudTrail without customer-managed KMS,Additional valid finding,30.2972673
case-05,KICS,e38a8e0a-b88b-4902-b3fe-b0fcb17d5c10,Resource Not Using Tags,INFO,../../tf/benchmark/case-05-open-rdp/vulnerable.tf,aws_security_group,Unrestricted RDP port 3389,Additional valid finding,30.2972673
case-02,KICS,e38a8e0a-b88b-4902-b3fe-b0fcb17d5c10,Resource Not Using Tags,INFO,../../tf/benchmark/case-02-s3-no-encryption/secure.tf,aws_s3_bucket,No default S3 encryption,Additional valid finding,30.2972673
case-10,KICS,e38a8e0a-b88b-4902-b3fe-b0fcb17d5c10,Resource Not Using Tags,INFO,../../tf/benchmark/case-10-cloudtrail-validation-disabled/vulnerable.tf,aws_cloudtrail,CloudTrail validation disabled,Additional valid finding,30.2972673
case-06,KICS,e38a8e0a-b88b-4902-b3fe-b0fcb17d5c10,Resource Not Using Tags,INFO,../../tf/benchmark/case-06-wildcard-iam/secure.tf,aws_iam_policy,Wildcard IAM permissions,Additional valid finding,30.2972673
case-10,KICS,e38a8e0a-b88b-4902-b3fe-b0fcb17d5c10,Resource Not Using Tags,INFO,../../tf/benchmark/case-10-cloudtrail-validation-disabled/secure.tf,aws_s3_bucket,CloudTrail validation disabled,Additional valid finding,30.2972673
case-12,KICS,e38a8e0a-b88b-4902-b3fe-b0fcb17d5c10,Resource Not Using Tags,INFO,../../tf/benchmark/case-12-kms-rotation-disabled/secure.tf,aws_kms_key,KMS rotation disabled,Additional valid finding,30.2972673
case-12,KICS,e38a8e0a-b88b-4902-b3fe-b0fcb17d5c10,Resource Not Using Tags,INFO,../../tf/benchmark/case-12-kms-rotation-disabled/vulnerable.tf,aws_kms_key,KMS rotation disabled,Additional valid finding,30.2972673
case-04,KICS,e38a8e0a-b88b-4902-b3fe-b0fcb17d5c10,Resource Not Using Tags,INFO,../../tf/benchmark/case-04-open-ssh/secure.tf,aws_security_group,Unrestricted SSH port 22,Additional valid finding,30.2972673
case-09,KICS,e38a8e0a-b88b-4902-b3fe-b0fcb17d5c10,Resource Not Using Tags,INFO,../../tf/benchmark/case-09-unencrypted-rds/vulnerable.tf,aws_db_instance,Unencrypted RDS storage,Additional valid finding,30.2972673
case-11,KICS,e38a8e0a-b88b-4902-b3fe-b0fcb17d5c10,Resource Not Using Tags,INFO,../../tf/benchmark/case-11-cloudtrail-no-kms/secure.tf,aws_kms_key,CloudTrail without customer-managed KMS,Additional valid finding,30.2972673
case-09,KICS,e38a8e0a-b88b-4902-b3fe-b0fcb17d5c10,Resource Not Using Tags,INFO,../../tf/benchmark/case-09-unencrypted-rds/secure.tf,aws_db_instance,Unencrypted RDS storage,Additional valid finding,30.2972673
case-07,KICS,e38a8e0a-b88b-4902-b3fe-b0fcb17d5c10,Resource Not Using Tags,INFO,../../tf/benchmark/case-07-unencrypted-ebs/secure.tf,aws_ebs_volume,Unencrypted EBS volume,Additional valid finding,30.2972673
case-03,KICS,e38a8e0a-b88b-4902-b3fe-b0fcb17d5c10,Resource Not Using Tags,INFO,../../tf/benchmark/case-03-s3-versioning-disabled/vulnerable.tf,aws_s3_bucket,S3 versioning disabled,Additional valid finding,30.2972673
case-10,KICS,e38a8e0a-b88b-4902-b3fe-b0fcb17d5c10,Resource Not Using Tags,INFO,../../tf/benchmark/case-10-cloudtrail-validation-disabled/vulnerable.tf,aws_s3_bucket,CloudTrail validation disabled,Additional valid finding,30.2972673
case-03,KICS,e38a8e0a-b88b-4902-b3fe-b0fcb17d5c10,Resource Not Using Tags,INFO,../../tf/benchmark/case-03-s3-versioning-disabled/secure.tf,aws_s3_bucket,S3 versioning disabled,Additional valid finding,30.2972673
case-04,KICS,4849211b-ac39-479e-ae78-5694d506cb24,Security Group Not Used,INFO,../../tf/benchmark/case-04-open-ssh/vulnerable.tf,aws_security_group,Unrestricted SSH port 22,True positive,30.2972673
case-04,KICS,4849211b-ac39-479e-ae78-5694d506cb24,Security Group Not Used,INFO,../../tf/benchmark/case-04-open-ssh/secure.tf,aws_security_group,Unrestricted SSH port 22,Possible false positive,30.2972673
case-05,KICS,4849211b-ac39-479e-ae78-5694d506cb24,Security Group Not Used,INFO,../../tf/benchmark/case-05-open-rdp/vulnerable.tf,aws_security_group,Unrestricted RDP port 3389,Additional valid finding,30.2972673
case-05,KICS,4849211b-ac39-479e-ae78-5694d506cb24,Security Group Not Used,INFO,../../tf/benchmark/case-05-open-rdp/secure.tf,aws_security_group,Unrestricted RDP port 3389,Additional valid finding,30.2972673
case-04,KICS,68eb4bf3-f9bf-463d-b5cf-e029bb446d2e,Security Group Rule Without Description,INFO,../../tf/benchmark/case-04-open-ssh/vulnerable.tf,aws_security_group,Unrestricted SSH port 22,True positive,30.2972673
case-05,KICS,68eb4bf3-f9bf-463d-b5cf-e029bb446d2e,Security Group Rule Without Description,INFO,../../tf/benchmark/case-05-open-rdp/secure.tf,aws_security_group,Unrestricted RDP port 3389,Additional valid finding,30.2972673
case-04,KICS,68eb4bf3-f9bf-463d-b5cf-e029bb446d2e,Security Group Rule Without Description,INFO,../../tf/benchmark/case-04-open-ssh/secure.tf,aws_security_group,Unrestricted SSH port 22,Possible false positive,30.2972673
case-05,KICS,68eb4bf3-f9bf-463d-b5cf-e029bb446d2e,Security Group Rule Without Description,INFO,../../tf/benchmark/case-05-open-rdp/vulnerable.tf,aws_security_group,Unrestricted RDP port 3389,Additional valid finding,30.2972673
case-09,KICS,2a153952-2544-4687-bcc9-cc8fea814a9b,Variable Without Description,INFO,../../tf/benchmark/case-09-unencrypted-rds/vulnerable.tf,n/a,Unencrypted RDS storage,Additional valid finding,30.2972673
case-08,KICS,2a153952-2544-4687-bcc9-cc8fea814a9b,Variable Without Description,INFO,../../tf/benchmark/case-08-public-rds/vulnerable.tf,n/a,Public RDS instance,Additional valid finding,30.2972673
case-08,KICS,2a153952-2544-4687-bcc9-cc8fea814a9b,Variable Without Description,INFO,../../tf/benchmark/case-08-public-rds/secure.tf,n/a,Public RDS instance,Additional valid finding,30.2972673
case-09,KICS,2a153952-2544-4687-bcc9-cc8fea814a9b,Variable Without Description,INFO,../../tf/benchmark/case-09-unencrypted-rds/secure.tf,n/a,Unencrypted RDS storage,Additional valid finding,30.2972673
